Series ID,Year,Period,Label,Value
CUSR0000SA0,1947,M01,1947 Jan,21.48
CUSR0000SA0,1947,M02,1947 Feb,21.62
CUSR0000SA0,1947,M03,1947 Mar,22.00
CUSR0000SA0,1947,M04,1947 Apr,22.00
CUSR0000SA0,1947,M05,1947 May,21.95
CUSR0000SA0,1947,M06,1947 Jun,22.08
CUSR0000SA0,1947,M07,1947 Jul,22.23
CUSR0000SA0,1947,M08,1947 Aug,22.40
CUSR0000SA0,1947,M09,1947 Sep,22.84
CUSR0000SA0,1947,M10,1947 Oct,22.91
CUSR0000SA0,1947,M11,1947 Nov,23.06
CUSR0000SA0,1947,M12,1947 Dec,23.41
CUSR0000SA0,1948,M01,1948 Jan,23.68
CUSR0000SA0,1948,M02,1948 Feb,23.67
CUSR0000SA0,1948,M03,1948 Mar,23.50
CUSR0000SA0,1948,M04,1948 Apr,23.82
CUSR0000SA0,1948,M05,1948 May,24.01
CUSR0000SA0,1948,M06,1948 Jun,24.15
CUSR0000SA0,1948,M07,1948 Jul,24.40
CUSR0000SA0,1948,M08,1948 Aug,24.43
CUSR0000SA0,1948,M09,1948 Sep,24.36
CUSR0000SA0,1948,M10,1948 Oct,24.31
CUSR0000SA0,1948,M11,1948 Nov,24.16
CUSR0000SA0,1948,M12,1948 Dec,24.05
CUSR0000SA0,1949,M01,1949 Jan,24.01
CUSR0000SA0,1949,M02,1949 Feb,23.91
CUSR0000SA0,1949,M03,1949 Mar,23.91
CUSR0000SA0,1949,M04,1949 Apr,23.92
CUSR0000SA0,1949,M05,1949 May,23.91
CUSR0000SA0,1949,M06,1949 Jun,23.92
CUSR0000SA0,1949,M07,1949 Jul,23.70
CUSR0000SA0,1949,M08,1949 Aug,23.70
CUSR0000SA0,1949,M09,1949 Sep,23.75
CUSR0000SA0,1949,M10,1949 Oct,23.67
CUSR0000SA0,1949,M11,1949 Nov,23.70
CUSR0000SA0,1949,M12,1949 Dec,23.61
CUSR0000SA0,1950,M01,1950 Jan,23.51
CUSR0000SA0,1950,M02,1950 Feb,23.61
CUSR0000SA0,1950,M03,1950 Mar,23.64
CUSR0000SA0,1950,M04,1950 Apr,23.65
CUSR0000SA0,1950,M05,1950 May,23.77
CUSR0000SA0,1950,M06,1950 Jun,23.88
CUSR0000SA0,1950,M07,1950 Jul,24.07
CUSR0000SA0,1950,M08,1950 Aug,24.20
CUSR0000SA0,1950,M09,1950 Sep,24.34
CUSR0000SA0,1950,M10,1950 Oct,24.50
CUSR0000SA0,1950,M11,1950 Nov,24.60
CUSR0000SA0,1950,M12,1950 Dec,24.98
CUSR0000SA0,1951,M01,1951 Jan,25.38
CUSR0000SA0,1951,M02,1951 Feb,25.83
CUSR0000SA0,1951,M03,1951 Mar,25.88
CUSR0000SA0,1951,M04,1951 Apr,25.92
CUSR0000SA0,1951,M05,1951 May,25.99
CUSR0000SA0,1951,M06,1951 Jun,25.93
CUSR0000SA0,1951,M07,1951 Jul,25.91
CUSR0000SA0,1951,M08,1951 Aug,25.86
CUSR0000SA0,1951,M09,1951 Sep,26.03
CUSR0000SA0,1951,M10,1951 Oct,26.16
CUSR0000SA0,1951,M11,1951 Nov,26.32
CUSR0000SA0,1951,M12,1951 Dec,26.47
CUSR0000SA0,1952,M01,1952 Jan,26.45
CUSR0000SA0,1952,M02,1952 Feb,26.41
CUSR0000SA0,1952,M03,1952 Mar,26.39
CUSR0000SA0,1952,M04,1952 Apr,26.46
CUSR0000SA0,1952,M05,1952 May,26.47
CUSR0000SA0,1952,M06,1952 Jun,26.53
CUSR0000SA0,1952,M07,1952 Jul,26.68
CUSR0000SA0,1952,M08,1952 Aug,26.69
CUSR0000SA0,1952,M09,1952 Sep,26.63
CUSR0000SA0,1952,M10,1952 Oct,26.69
CUSR0000SA0,1952,M11,1952 Nov,26.69
CUSR0000SA0,1952,M12,1952 Dec,26.71
CUSR0000SA0,1953,M01,1953 Jan,26.64
CUSR0000SA0,1953,M02,1953 Feb,26.59
CUSR0000SA0,1953,M03,1953 Mar,26.63
CUSR0000SA0,1953,M04,1953 Apr,26.69
CUSR0000SA0,1953,M05,1953 May,26.70
CUSR0000SA0,1953,M06,1953 Jun,26.77
CUSR0000SA0,1953,M07,1953 Jul,26.79
CUSR0000SA0,1953,M08,1953 Aug,26.85
CUSR0000SA0,1953,M09,1953 Sep,26.89
CUSR0000SA0,1953,M10,1953 Oct,26.95
CUSR0000SA0,1953,M11,1953 Nov,26.85
CUSR0000SA0,1953,M12,1953 Dec,26.87
CUSR0000SA0,1954,M01,1954 Jan,26.94
CUSR0000SA0,1954,M02,1954 Feb,26.99
CUSR0000SA0,1954,M03,1954 Mar,26.93
CUSR0000SA0,1954,M04,1954 Apr,26.86
CUSR0000SA0,1954,M05,1954 May,26.93
CUSR0000SA0,1954,M06,1954 Jun,26.94
CUSR0000SA0,1954,M07,1954 Jul,26.86
CUSR0000SA0,1954,M08,1954 Aug,26.85
CUSR0000SA0,1954,M09,1954 Sep,26.81
CUSR0000SA0,1954,M10,1954 Oct,26.72
CUSR0000SA0,1954,M11,1954 Nov,26.78
CUSR0000SA0,1954,M12,1954 Dec,26.77
CUSR0000SA0,1955,M01,1955 Jan,26.77
CUSR0000SA0,1955,M02,1955 Feb,26.82
CUSR0000SA0,1955,M03,1955 Mar,26.79
CUSR0000SA0,1955,M04,1955 Apr,26.79
CUSR0000SA0,1955,M05,1955 May,26.77
CUSR0000SA0,1955,M06,1955 Jun,26.71
CUSR0000SA0,1955,M07,1955 Jul,26.76
CUSR0000SA0,1955,M08,1955 Aug,26.72
CUSR0000SA0,1955,M09,1955 Sep,26.85
CUSR0000SA0,1955,M10,1955 Oct,26.82
CUSR0000SA0,1955,M11,1955 Nov,26.88
CUSR0000SA0,1955,M12,1955 Dec,26.87
CUSR0000SA0,1956,M01,1956 Jan,26.83
CUSR0000SA0,1956,M02,1956 Feb,26.86
CUSR0000SA0,1956,M03,1956 Mar,26.89
CUSR0000SA0,1956,M04,1956 Apr,26.93
CUSR0000SA0,1956,M05,1956 May,27.03
CUSR0000SA0,1956,M06,1956 Jun,27.15
CUSR0000SA0,1956,M07,1956 Jul,27.29
CUSR0000SA0,1956,M08,1956 Aug,27.31
CUSR0000SA0,1956,M09,1956 Sep,27.35
CUSR0000SA0,1956,M10,1956 Oct,27.51
CUSR0000SA0,1956,M11,1956 Nov,27.51
CUSR0000SA0,1956,M12,1956 Dec,27.63
CUSR0000SA0,1957,M01,1957 Jan,27.67
CUSR0000SA0,1957,M02,1957 Feb,27.80
CUSR0000SA0,1957,M03,1957 Mar,27.86
CUSR0000SA0,1957,M04,1957 Apr,27.93
CUSR0000SA0,1957,M05,1957 May,28.00
CUSR0000SA0,1957,M06,1957 Jun,28.11
CUSR0000SA0,1957,M07,1957 Jul,28.19
CUSR0000SA0,1957,M08,1957 Aug,28.28
CUSR0000SA0,1957,M09,1957 Sep,28.32
CUSR0000SA0,1957,M10,1957 Oct,28.32
CUSR0000SA0,1957,M11,1957 Nov,28.41
CUSR0000SA0,1957,M12,1957 Dec,28.47
CUSR0000SA0,1958,M01,1958 Jan,28.64
CUSR0000SA0,1958,M02,1958 Feb,28.70
CUSR0000SA0,1958,M03,1958 Mar,28.87
CUSR0000SA0,1958,M04,1958 Apr,28.94
CUSR0000SA0,1958,M05,1958 May,28.94
CUSR0000SA0,1958,M06,1958 Jun,28.91
CUSR0000SA0,1958,M07,1958 Jul,28.89
CUSR0000SA0,1958,M08,1958 Aug,28.94
CUSR0000SA0,1958,M09,1958 Sep,28.91
CUSR0000SA0,1958,M10,1958 Oct,28.91
CUSR0000SA0,1958,M11,1958 Nov,28.95
CUSR0000SA0,1958,M12,1958 Dec,28.97
CUSR0000SA0,1959,M01,1959 Jan,29.01
CUSR0000SA0,1959,M02,1959 Feb,29.00
CUSR0000SA0,1959,M03,1959 Mar,28.97
CUSR0000SA0,1959,M04,1959 Apr,28.98
CUSR0000SA0,1959,M05,1959 May,29.04
CUSR0000SA0,1959,M06,1959 Jun,29.11
CUSR0000SA0,1959,M07,1959 Jul,29.15
CUSR0000SA0,1959,M08,1959 Aug,29.18
CUSR0000SA0,1959,M09,1959 Sep,29.25
CUSR0000SA0,1959,M10,1959 Oct,29.35
CUSR0000SA0,1959,M11,1959 Nov,29.35
CUSR0000SA0,1959,M12,1959 Dec,29.41
CUSR0000SA0,1960,M01,1960 Jan,29.37
CUSR0000SA0,1960,M02,1960 Feb,29.41
CUSR0000SA0,1960,M03,1960 Mar,29.41
CUSR0000SA0,1960,M04,1960 Apr,29.54
CUSR0000SA0,1960,M05,1960 May,29.57
CUSR0000SA0,1960,M06,1960 Jun,29.61
CUSR0000SA0,1960,M07,1960 Jul,29.55
CUSR0000SA0,1960,M08,1960 Aug,29.61
CUSR0000SA0,1960,M09,1960 Sep,29.61
CUSR0000SA0,1960,M10,1960 Oct,29.75
CUSR0000SA0,1960,M11,1960 Nov,29.78
CUSR0000SA0,1960,M12,1960 Dec,29.81
CUSR0000SA0,1961,M01,1961 Jan,29.84
CUSR0000SA0,1961,M02,1961 Feb,29.84
CUSR0000SA0,1961,M03,1961 Mar,29.84
CUSR0000SA0,1961,M04,1961 Apr,29.81
CUSR0000SA0,1961,M05,1961 May,29.84
CUSR0000SA0,1961,M06,1961 Jun,29.84
CUSR0000SA0,1961,M07,1961 Jul,29.92
CUSR0000SA0,1961,M08,1961 Aug,29.94
CUSR0000SA0,1961,M09,1961 Sep,29.98
CUSR0000SA0,1961,M10,1961 Oct,29.98
CUSR0000SA0,1961,M11,1961 Nov,29.98
CUSR0000SA0,1961,M12,1961 Dec,30.01
CUSR0000SA0,1962,M01,1962 Jan,30.04
CUSR0000SA0,1962,M02,1962 Feb,30.11
CUSR0000SA0,1962,M03,1962 Mar,30.17
CUSR0000SA0,1962,M04,1962 Apr,30.21
CUSR0000SA0,1962,M05,1962 May,30.24
CUSR0000SA0,1962,M06,1962 Jun,30.21
CUSR0000SA0,1962,M07,1962 Jul,30.22
CUSR0000SA0,1962,M08,1962 Aug,30.28
CUSR0000SA0,1962,M09,1962 Sep,30.42
CUSR0000SA0,1962,M10,1962 Oct,30.38
CUSR0000SA0,1962,M11,1962 Nov,30.38
CUSR0000SA0,1962,M12,1962 Dec,30.38
CUSR0000SA0,1963,M01,1963 Jan,30.44
CUSR0000SA0,1963,M02,1963 Feb,30.48
CUSR0000SA0,1963,M03,1963 Mar,30.51
CUSR0000SA0,1963,M04,1963 Apr,30.48
CUSR0000SA0,1963,M05,1963 May,30.51
CUSR0000SA0,1963,M06,1963 Jun,30.61
CUSR0000SA0,1963,M07,1963 Jul,30.69
CUSR0000SA0,1963,M08,1963 Aug,30.75
CUSR0000SA0,1963,M09,1963 Sep,30.72
CUSR0000SA0,1963,M10,1963 Oct,30.75
CUSR0000SA0,1963,M11,1963 Nov,30.78
CUSR0000SA0,1963,M12,1963 Dec,30.88
CUSR0000SA0,1964,M01,1964 Jan,30.94
CUSR0000SA0,1964,M02,1964 Feb,30.91
CUSR0000SA0,1964,M03,1964 Mar,30.94
CUSR0000SA0,1964,M04,1964 Apr,30.95
CUSR0000SA0,1964,M05,1964 May,30.98
CUSR0000SA0,1964,M06,1964 Jun,31.01
CUSR0000SA0,1964,M07,1964 Jul,31.02
CUSR0000SA0,1964,M08,1964 Aug,31.05
CUSR0000SA0,1964,M09,1964 Sep,31.08
CUSR0000SA0,1964,M10,1964 Oct,31.12
CUSR0000SA0,1964,M11,1964 Nov,31.21
CUSR0000SA0,1964,M12,1964 Dec,31.25
CUSR0000SA0,1965,M01,1965 Jan,31.28
CUSR0000SA0,1965,M02,1965 Feb,31.28
CUSR0000SA0,1965,M03,1965 Mar,31.31
CUSR0000SA0,1965,M04,1965 Apr,31.38
CUSR0000SA0,1965,M05,1965 May,31.48
CUSR0000SA0,1965,M06,1965 Jun,31.61
CUSR0000SA0,1965,M07,1965 Jul,31.58
CUSR0000SA0,1965,M08,1965 Aug,31.55
CUSR0000SA0,1965,M09,1965 Sep,31.62
CUSR0000SA0,1965,M10,1965 Oct,31.65
CUSR0000SA0,1965,M11,1965 Nov,31.75
CUSR0000SA0,1965,M12,1965 Dec,31.85
CUSR0000SA0,1966,M01,1966 Jan,31.88
CUSR0000SA0,1966,M02,1966 Feb,32.08
CUSR0000SA0,1966,M03,1966 Mar,32.18
CUSR0000SA0,1966,M04,1966 Apr,32.28
CUSR0000SA0,1966,M05,1966 May,32.35
CUSR0000SA0,1966,M06,1966 Jun,32.38
CUSR0000SA0,1966,M07,1966 Jul,32.45
CUSR0000SA0,1966,M08,1966 Aug,32.65
CUSR0000SA0,1966,M09,1966 Sep,32.75
CUSR0000SA0,1966,M10,1966 Oct,32.85
CUSR0000SA0,1966,M11,1966 Nov,32.88
CUSR0000SA0,1966,M12,1966 Dec,32.92
CUSR0000SA0,1967,M01,1967 Jan,32.90
CUSR0000SA0,1967,M02,1967 Feb,33.00
CUSR0000SA0,1967,M03,1967 Mar,33.00
CUSR0000SA0,1967,M04,1967 Apr,33.10
CUSR0000SA0,1967,M05,1967 May,33.10
CUSR0000SA0,1967,M06,1967 Jun,33.30
CUSR0000SA0,1967,M07,1967 Jul,33.40
CUSR0000SA0,1967,M08,1967 Aug,33.50
CUSR0000SA0,1967,M09,1967 Sep,33.60
CUSR0000SA0,1967,M10,1967 Oct,33.70
CUSR0000SA0,1967,M11,1967 Nov,33.90
CUSR0000SA0,1967,M12,1967 Dec,34.00
CUSR0000SA0,1968,M01,1968 Jan,34.10
CUSR0000SA0,1968,M02,1968 Feb,34.20
CUSR0000SA0,1968,M03,1968 Mar,34.30
CUSR0000SA0,1968,M04,1968 Apr,34.40
CUSR0000SA0,1968,M05,1968 May,34.50
CUSR0000SA0,1968,M06,1968 Jun,34.70
CUSR0000SA0,1968,M07,1968 Jul,34.90
CUSR0000SA0,1968,M08,1968 Aug,35.00
CUSR0000SA0,1968,M09,1968 Sep,35.10
CUSR0000SA0,1968,M10,1968 Oct,35.30
CUSR0000SA0,1968,M11,1968 Nov,35.40
CUSR0000SA0,1968,M12,1968 Dec,35.60
CUSR0000SA0,1969,M01,1969 Jan,35.70
CUSR0000SA0,1969,M02,1969 Feb,35.80
CUSR0000SA0,1969,M03,1969 Mar,36.10
CUSR0000SA0,1969,M04,1969 Apr,36.30
CUSR0000SA0,1969,M05,1969 May,36.40
CUSR0000SA0,1969,M06,1969 Jun,36.60
CUSR0000SA0,1969,M07,1969 Jul,36.80
CUSR0000SA0,1969,M08,1969 Aug,36.90
CUSR0000SA0,1969,M09,1969 Sep,37.10
CUSR0000SA0,1969,M10,1969 Oct,37.30
CUSR0000SA0,1969,M11,1969 Nov,37.50
CUSR0000SA0,1969,M12,1969 Dec,37.70
CUSR0000SA0,1970,M01,1970 Jan,37.90
CUSR0000SA0,1970,M02,1970 Feb,38.10
CUSR0000SA0,1970,M03,1970 Mar,38.30
CUSR0000SA0,1970,M04,1970 Apr,38.50
CUSR0000SA0,1970,M05,1970 May,38.60
CUSR0000SA0,1970,M06,1970 Jun,38.80
CUSR0000SA0,1970,M07,1970 Jul,38.90
CUSR0000SA0,1970,M08,1970 Aug,39.00
CUSR0000SA0,1970,M09,1970 Sep,39.20
CUSR0000SA0,1970,M10,1970 Oct,39.40
CUSR0000SA0,1970,M11,1970 Nov,39.60
CUSR0000SA0,1970,M12,1970 Dec,39.80
CUSR0000SA0,1971,M01,1971 Jan,39.90
CUSR0000SA0,1971,M02,1971 Feb,39.90
CUSR0000SA0,1971,M03,1971 Mar,40.00
CUSR0000SA0,1971,M04,1971 Apr,40.10
CUSR0000SA0,1971,M05,1971 May,40.30
CUSR0000SA0,1971,M06,1971 Jun,40.50
CUSR0000SA0,1971,M07,1971 Jul,40.60
CUSR0000SA0,1971,M08,1971 Aug,40.70
CUSR0000SA0,1971,M09,1971 Sep,40.80
CUSR0000SA0,1971,M10,1971 Oct,40.90
CUSR0000SA0,1971,M11,1971 Nov,41.00
CUSR0000SA0,1971,M12,1971 Dec,41.10
CUSR0000SA0,1972,M01,1972 Jan,41.20
CUSR0000SA0,1972,M02,1972 Feb,41.40
CUSR0000SA0,1972,M03,1972 Mar,41.40
CUSR0000SA0,1972,M04,1972 Apr,41.50
CUSR0000SA0,1972,M05,1972 May,41.60
CUSR0000SA0,1972,M06,1972 Jun,41.70
CUSR0000SA0,1972,M07,1972 Jul,41.80
CUSR0000SA0,1972,M08,1972 Aug,41.90
CUSR0000SA0,1972,M09,1972 Sep,42.10
CUSR0000SA0,1972,M10,1972 Oct,42.20
CUSR0000SA0,1972,M11,1972 Nov,42.40
CUSR0000SA0,1972,M12,1972 Dec,42.50
CUSR0000SA0,1973,M01,1973 Jan,42.70
CUSR0000SA0,1973,M02,1973 Feb,43.00
CUSR0000SA0,1973,M03,1973 Mar,43.40
CUSR0000SA0,1973,M04,1973 Apr,43.70
CUSR0000SA0,1973,M05,1973 May,43.90
CUSR0000SA0,1973,M06,1973 Jun,44.20
CUSR0000SA0,1973,M07,1973 Jul,44.20
CUSR0000SA0,1973,M08,1973 Aug,45.00
CUSR0000SA0,1973,M09,1973 Sep,45.20
CUSR0000SA0,1973,M10,1973 Oct,45.60
CUSR0000SA0,1973,M11,1973 Nov,45.90
CUSR0000SA0,1973,M12,1973 Dec,46.30
CUSR0000SA0,1974,M01,1974 Jan,46.80
CUSR0000SA0,1974,M02,1974 Feb,47.30
CUSR0000SA0,1974,M03,1974 Mar,47.80
CUSR0000SA0,1974,M04,1974 Apr,48.10
CUSR0000SA0,1974,M05,1974 May,48.60
CUSR0000SA0,1974,M06,1974 Jun,49.00
CUSR0000SA0,1974,M07,1974 Jul,49.30
CUSR0000SA0,1974,M08,1974 Aug,49.90
CUSR0000SA0,1974,M09,1974 Sep,50.60
CUSR0000SA0,1974,M10,1974 Oct,51.00
CUSR0000SA0,1974,M11,1974 Nov,51.50
CUSR0000SA0,1974,M12,1974 Dec,51.90
CUSR0000SA0,1975,M01,1975 Jan,52.30
CUSR0000SA0,1975,M02,1975 Feb,52.60
CUSR0000SA0,1975,M03,1975 Mar,52.80
CUSR0000SA0,1975,M04,1975 Apr,53.00
CUSR0000SA0,1975,M05,1975 May,53.10
CUSR0000SA0,1975,M06,1975 Jun,53.50
CUSR0000SA0,1975,M07,1975 Jul,54.00
CUSR0000SA0,1975,M08,1975 Aug,54.20
CUSR0000SA0,1975,M09,1975 Sep,54.60
CUSR0000SA0,1975,M10,1975 Oct,54.90
CUSR0000SA0,1975,M11,1975 Nov,55.30
CUSR0000SA0,1975,M12,1975 Dec,55.60
CUSR0000SA0,1976,M01,1976 Jan,55.80
CUSR0000SA0,1976,M02,1976 Feb,55.90
CUSR0000SA0,1976,M03,1976 Mar,56.00
CUSR0000SA0,1976,M04,1976 Apr,56.10
CUSR0000SA0,1976,M05,1976 May,56.40
CUSR0000SA0,1976,M06,1976 Jun,56.70
CUSR0000SA0,1976,M07,1976 Jul,57.00
CUSR0000SA0,1976,M08,1976 Aug,57.30
CUSR0000SA0,1976,M09,1976 Sep,57.60
CUSR0000SA0,1976,M10,1976 Oct,57.90
CUSR0000SA0,1976,M11,1976 Nov,58.10
CUSR0000SA0,1976,M12,1976 Dec,58.40
CUSR0000SA0,1977,M01,1977 Jan,58.70
CUSR0000SA0,1977,M02,1977 Feb,59.30
CUSR0000SA0,1977,M03,1977 Mar,59.60
CUSR0000SA0,1977,M04,1977 Apr,60.00
CUSR0000SA0,1977,M05,1977 May,60.20
CUSR0000SA0,1977,M06,1977 Jun,60.50
CUSR0000SA0,1977,M07,1977 Jul,60.80
CUSR0000SA0,1977,M08,1977 Aug,61.10
CUSR0000SA0,1977,M09,1977 Sep,61.30
CUSR0000SA0,1977,M10,1977 Oct,61.60
CUSR0000SA0,1977,M11,1977 Nov,62.00
CUSR0000SA0,1977,M12,1977 Dec,62.30
CUSR0000SA0,1978,M01,1978 Jan,62.70
CUSR0000SA0,1978,M02,1978 Feb,63.00
CUSR0000SA0,1978,M03,1978 Mar,63.40
CUSR0000SA0,1978,M04,1978 Apr,63.90
CUSR0000SA0,1978,M05,1978 May,64.50
CUSR0000SA0,1978,M06,1978 Jun,65.00
CUSR0000SA0,1978,M07,1978 Jul,65.50
CUSR0000SA0,1978,M08,1978 Aug,65.90
CUSR0000SA0,1978,M09,1978 Sep,66.50
CUSR0000SA0,1978,M10,1978 Oct,67.10
CUSR0000SA0,1978,M11,1978 Nov,67.50
CUSR0000SA0,1978,M12,1978 Dec,67.90
CUSR0000SA0,1979,M01,1979 Jan,68.50
CUSR0000SA0,1979,M02,1979 Feb,69.20
CUSR0000SA0,1979,M03,1979 Mar,69.90
CUSR0000SA0,1979,M04,1979 Apr,70.60
CUSR0000SA0,1979,M05,1979 May,71.40
CUSR0000SA0,1979,M06,1979 Jun,72.20
CUSR0000SA0,1979,M07,1979 Jul,73.00
CUSR0000SA0,1979,M08,1979 Aug,73.70
CUSR0000SA0,1979,M09,1979 Sep,74.40
CUSR0000SA0,1979,M10,1979 Oct,75.20
CUSR0000SA0,1979,M11,1979 Nov,76.00
CUSR0000SA0,1979,M12,1979 Dec,76.90
CUSR0000SA0,1980,M01,1980 Jan,78.00
CUSR0000SA0,1980,M02,1980 Feb,79.00
CUSR0000SA0,1980,M03,1980 Mar,80.10
CUSR0000SA0,1980,M04,1980 Apr,80.90
CUSR0000SA0,1980,M05,1980 May,81.70
CUSR0000SA0,1980,M06,1980 Jun,82.50
CUSR0000SA0,1980,M07,1980 Jul,82.60
CUSR0000SA0,1980,M08,1980 Aug,83.20
CUSR0000SA0,1980,M09,1980 Sep,83.90
CUSR0000SA0,1980,M10,1980 Oct,84.70
CUSR0000SA0,1980,M11,1980 Nov,85.60
CUSR0000SA0,1980,M12,1980 Dec,86.40
CUSR0000SA0,1981,M01,1981 Jan,87.20
CUSR0000SA0,1981,M02,1981 Feb,88.00
CUSR0000SA0,1981,M03,1981 Mar,88.60
CUSR0000SA0,1981,M04,1981 Apr,89.10
CUSR0000SA0,1981,M05,1981 May,89.70
CUSR0000SA0,1981,M06,1981 Jun,90.50
CUSR0000SA0,1981,M07,1981 Jul,91.50
CUSR0000SA0,1981,M08,1981 Aug,92.20
CUSR0000SA0,1981,M09,1981 Sep,93.10
CUSR0000SA0,1981,M10,1981 Oct,93.40
CUSR0000SA0,1981,M11,1981 Nov,93.80
CUSR0000SA0,1981,M12,1981 Dec,94.10
CUSR0000SA0,1982,M01,1982 Jan,94.40
CUSR0000SA0,1982,M02,1982 Feb,94.70
CUSR0000SA0,1982,M03,1982 Mar,94.70
CUSR0000SA0,1982,M04,1982 Apr,95.00
CUSR0000SA0,1982,M05,1982 May,95.90
CUSR0000SA0,1982,M06,1982 Jun,97.00
CUSR0000SA0,1982,M07,1982 Jul,97.50
CUSR0000SA0,1982,M08,1982 Aug,97.70
CUSR0000SA0,1982,M09,1982 Sep,97.70
CUSR0000SA0,1982,M10,1982 Oct,98.10
CUSR0000SA0,1982,M11,1982 Nov,98.00
CUSR0000SA0,1982,M12,1982 Dec,97.70
CUSR0000SA0,1983,M01,1983 Jan,97.90
CUSR0000SA0,1983,M02,1983 Feb,98.00
CUSR0000SA0,1983,M03,1983 Mar,98.10
CUSR0000SA0,1983,M04,1983 Apr,98.80
CUSR0000SA0,1983,M05,1983 May,99.20
CUSR0000SA0,1983,M06,1983 Jun,99.40
CUSR0000SA0,1983,M07,1983 Jul,99.80
CUSR0000SA0,1983,M08,1983 Aug,100.10
CUSR0000SA0,1983,M09,1983 Sep,100.40
CUSR0000SA0,1983,M10,1983 Oct,100.80
CUSR0000SA0,1983,M11,1983 Nov,101.10
CUSR0000SA0,1983,M12,1983 Dec,101.40
CUSR0000SA0,1984,M01,1984 Jan,102.10
CUSR0000SA0,1984,M02,1984 Feb,102.60
CUSR0000SA0,1984,M03,1984 Mar,102.90
CUSR0000SA0,1984,M04,1984 Apr,103.30
CUSR0000SA0,1984,M05,1984 May,103.50
CUSR0000SA0,1984,M06,1984 Jun,103.70
CUSR0000SA0,1984,M07,1984 Jul,104.10
CUSR0000SA0,1984,M08,1984 Aug,104.40
CUSR0000SA0,1984,M09,1984 Sep,104.70
CUSR0000SA0,1984,M10,1984 Oct,105.10
CUSR0000SA0,1984,M11,1984 Nov,105.30
CUSR0000SA0,1984,M12,1984 Dec,105.50
CUSR0000SA0,1985,M01,1985 Jan,105.70
CUSR0000SA0,1985,M02,1985 Feb,106.30
CUSR0000SA0,1985,M03,1985 Mar,106.80
CUSR0000SA0,1985,M04,1985 Apr,107.00
CUSR0000SA0,1985,M05,1985 May,107.20
CUSR0000SA0,1985,M06,1985 Jun,107.50
CUSR0000SA0,1985,M07,1985 Jul,107.70
CUSR0000SA0,1985,M08,1985 Aug,107.90
CUSR0000SA0,1985,M09,1985 Sep,108.10
CUSR0000SA0,1985,M10,1985 Oct,108.50
CUSR0000SA0,1985,M11,1985 Nov,109.00
CUSR0000SA0,1985,M12,1985 Dec,109.50
CUSR0000SA0,1986,M01,1986 Jan,109.90
CUSR0000SA0,1986,M02,1986 Feb,109.70
CUSR0000SA0,1986,M03,1986 Mar,109.10
CUSR0000SA0,1986,M04,1986 Apr,108.70
CUSR0000SA0,1986,M05,1986 May,109.00
CUSR0000SA0,1986,M06,1986 Jun,109.40
CUSR0000SA0,1986,M07,1986 Jul,109.50
CUSR0000SA0,1986,M08,1986 Aug,109.60
CUSR0000SA0,1986,M09,1986 Sep,110.00
CUSR0000SA0,1986,M10,1986 Oct,110.20
CUSR0000SA0,1986,M11,1986 Nov,110.40
CUSR0000SA0,1986,M12,1986 Dec,110.80
CUSR0000SA0,1987,M01,1987 Jan,111.40
CUSR0000SA0,1987,M02,1987 Feb,111.80
CUSR0000SA0,1987,M03,1987 Mar,112.20
CUSR0000SA0,1987,M04,1987 Apr,112.70
CUSR0000SA0,1987,M05,1987 May,113.00
CUSR0000SA0,1987,M06,1987 Jun,113.50
CUSR0000SA0,1987,M07,1987 Jul,113.80
CUSR0000SA0,1987,M08,1987 Aug,114.30
CUSR0000SA0,1987,M09,1987 Sep,114.70
CUSR0000SA0,1987,M10,1987 Oct,115.00
CUSR0000SA0,1987,M11,1987 Nov,115.40
CUSR0000SA0,1987,M12,1987 Dec,115.60
CUSR0000SA0,1988,M01,1988 Jan,116.00
CUSR0000SA0,1988,M02,1988 Feb,116.20
CUSR0000SA0,1988,M03,1988 Mar,116.50
CUSR0000SA0,1988,M04,1988 Apr,117.20
CUSR0000SA0,1988,M05,1988 May,117.50
CUSR0000SA0,1988,M06,1988 Jun,118.00
CUSR0000SA0,1988,M07,1988 Jul,118.50
CUSR0000SA0,1988,M08,1988 Aug,119.00
CUSR0000SA0,1988,M09,1988 Sep,119.50
CUSR0000SA0,1988,M10,1988 Oct,119.90
CUSR0000SA0,1988,M11,1988 Nov,120.30
CUSR0000SA0,1988,M12,1988 Dec,120.70
CUSR0000SA0,1989,M01,1989 Jan,121.20
CUSR0000SA0,1989,M02,1989 Feb,121.60
CUSR0000SA0,1989,M03,1989 Mar,122.20
CUSR0000SA0,1989,M04,1989 Apr,123.10
CUSR0000SA0,1989,M05,1989 May,123.70
CUSR0000SA0,1989,M06,1989 Jun,124.10
CUSR0000SA0,1989,M07,1989 Jul,124.50
CUSR0000SA0,1989,M08,1989 Aug,124.50
CUSR0000SA0,1989,M09,1989 Sep,124.80
CUSR0000SA0,1989,M10,1989 Oct,125.40
CUSR0000SA0,1989,M11,1989 Nov,125.90
CUSR0000SA0,1989,M12,1989 Dec,126.30
CUSR0000SA0,1990,M01,1990 Jan,127.50
CUSR0000SA0,1990,M02,1990 Feb,128.00
CUSR0000SA0,1990,M03,1990 Mar,128.60
CUSR0000SA0,1990,M04,1990 Apr,128.90
CUSR0000SA0,1990,M05,1990 May,129.10
CUSR0000SA0,1990,M06,1990 Jun,129.90
CUSR0000SA0,1990,M07,1990 Jul,130.50
CUSR0000SA0,1990,M08,1990 Aug,131.60
CUSR0000SA0,1990,M09,1990 Sep,132.50
CUSR0000SA0,1990,M10,1990 Oct,133.40
CUSR0000SA0,1990,M11,1990 Nov,133.70
CUSR0000SA0,1990,M12,1990 Dec,134.20
CUSR0000SA0,1991,M01,1991 Jan,134.70
CUSR0000SA0,1991,M02,1991 Feb,134.80
CUSR0000SA0,1991,M03,1991 Mar,134.80
CUSR0000SA0,1991,M04,1991 Apr,135.10
CUSR0000SA0,1991,M05,1991 May,135.60
CUSR0000SA0,1991,M06,1991 Jun,136.00
CUSR0000SA0,1991,M07,1991 Jul,136.20
CUSR0000SA0,1991,M08,1991 Aug,136.60
CUSR0000SA0,1991,M09,1991 Sep,137.00
CUSR0000SA0,1991,M10,1991 Oct,137.20
CUSR0000SA0,1991,M11,1991 Nov,137.80
CUSR0000SA0,1991,M12,1991 Dec,138.20
CUSR0000SA0,1992,M01,1992 Jan,138.30
CUSR0000SA0,1992,M02,1992 Feb,138.60
CUSR0000SA0,1992,M03,1992 Mar,139.10
CUSR0000SA0,1992,M04,1992 Apr,139.40
CUSR0000SA0,1992,M05,1992 May,139.70
CUSR0000SA0,1992,M06,1992 Jun,140.10
CUSR0000SA0,1992,M07,1992 Jul,140.50
CUSR0000SA0,1992,M08,1992 Aug,140.80
CUSR0000SA0,1992,M09,1992 Sep,141.10
CUSR0000SA0,1992,M10,1992 Oct,141.70
CUSR0000SA0,1992,M11,1992 Nov,142.10
CUSR0000SA0,1992,M12,1992 Dec,142.30
CUSR0000SA0,1993,M01,1993 Jan,142.80
CUSR0000SA0,1993,M02,1993 Feb,143.10
CUSR0000SA0,1993,M03,1993 Mar,143.30
CUSR0000SA0,1993,M04,1993 Apr,143.80
CUSR0000SA0,1993,M05,1993 May,144.20
CUSR0000SA0,1993,M06,1993 Jun,144.30
CUSR0000SA0,1993,M07,1993 Jul,144.50
CUSR0000SA0,1993,M08,1993 Aug,144.80
CUSR0000SA0,1993,M09,1993 Sep,145.00
CUSR0000SA0,1993,M10,1993 Oct,145.60
CUSR0000SA0,1993,M11,1993 Nov,146.00
CUSR0000SA0,1993,M12,1993 Dec,146.30
CUSR0000SA0,1994,M01,1994 Jan,146.30
CUSR0000SA0,1994,M02,1994 Feb,146.70
CUSR0000SA0,1994,M03,1994 Mar,147.10
CUSR0000SA0,1994,M04,1994 Apr,147.20
CUSR0000SA0,1994,M05,1994 May,147.50
CUSR0000SA0,1994,M06,1994 Jun,147.90
CUSR0000SA0,1994,M07,1994 Jul,148.40
CUSR0000SA0,1994,M08,1994 Aug,149.00
CUSR0000SA0,1994,M09,1994 Sep,149.30
CUSR0000SA0,1994,M10,1994 Oct,149.40
CUSR0000SA0,1994,M11,1994 Nov,149.80
CUSR0000SA0,1994,M12,1994 Dec,150.10
CUSR0000SA0,1995,M01,1995 Jan,150.50
CUSR0000SA0,1995,M02,1995 Feb,150.90
CUSR0000SA0,1995,M03,1995 Mar,151.20
CUSR0000SA0,1995,M04,1995 Apr,151.80
CUSR0000SA0,1995,M05,1995 May,152.10
CUSR0000SA0,1995,M06,1995 Jun,152.40
CUSR0000SA0,1995,M07,1995 Jul,152.60
CUSR0000SA0,1995,M08,1995 Aug,152.90
CUSR0000SA0,1995,M09,1995 Sep,153.10
CUSR0000SA0,1995,M10,1995 Oct,153.50
CUSR0000SA0,1995,M11,1995 Nov,153.70
CUSR0000SA0,1995,M12,1995 Dec,153.90
CUSR0000SA0,1996,M01,1996 Jan,154.70
CUSR0000SA0,1996,M02,1996 Feb,155.00
CUSR0000SA0,1996,M03,1996 Mar,155.50
CUSR0000SA0,1996,M04,1996 Apr,156.10
CUSR0000SA0,1996,M05,1996 May,156.40
CUSR0000SA0,1996,M06,1996 Jun,156.70
CUSR0000SA0,1996,M07,1996 Jul,157.00
CUSR0000SA0,1996,M08,1996 Aug,157.20
CUSR0000SA0,1996,M09,1996 Sep,157.70
CUSR0000SA0,1996,M10,1996 Oct,158.20
CUSR0000SA0,1996,M11,1996 Nov,158.70
CUSR0000SA0,1996,M12,1996 Dec,159.10
CUSR0000SA0,1997,M01,1997 Jan,159.40
CUSR0000SA0,1997,M02,1997 Feb,159.70
CUSR0000SA0,1997,M03,1997 Mar,159.80
CUSR0000SA0,1997,M04,1997 Apr,159.90
CUSR0000SA0,1997,M05,1997 May,159.90
CUSR0000SA0,1997,M06,1997 Jun,160.20
CUSR0000SA0,1997,M07,1997 Jul,160.40
CUSR0000SA0,1997,M08,1997 Aug,160.80
CUSR0000SA0,1997,M09,1997 Sep,161.20
CUSR0000SA0,1997,M10,1997 Oct,161.50
CUSR0000SA0,1997,M11,1997 Nov,161.70
CUSR0000SA0,1997,M12,1997 Dec,161.80
CUSR0000SA0,1998,M01,1998 Jan,162.00
CUSR0000SA0,1998,M02,1998 Feb,162.00
CUSR0000SA0,1998,M03,1998 Mar,162.00
CUSR0000SA0,1998,M04,1998 Apr,162.20
CUSR0000SA0,1998,M05,1998 May,162.60
CUSR0000SA0,1998,M06,1998 Jun,162.80
CUSR0000SA0,1998,M07,1998 Jul,163.20
CUSR0000SA0,1998,M08,1998 Aug,163.40
CUSR0000SA0,1998,M09,1998 Sep,163.50
CUSR0000SA0,1998,M10,1998 Oct,163.90
CUSR0000SA0,1998,M11,1998 Nov,164.10
CUSR0000SA0,1998,M12,1998 Dec,164.40
CUSR0000SA0,1999,M01,1999 Jan,164.70
CUSR0000SA0,1999,M02,1999 Feb,164.70
CUSR0000SA0,1999,M03,1999 Mar,164.80
CUSR0000SA0,1999,M04,1999 Apr,165.90
CUSR0000SA0,1999,M05,1999 May,166.00
CUSR0000SA0,1999,M06,1999 Jun,166.00
CUSR0000SA0,1999,M07,1999 Jul,166.70
CUSR0000SA0,1999,M08,1999 Aug,167.10
CUSR0000SA0,1999,M09,1999 Sep,167.80
CUSR0000SA0,1999,M10,1999 Oct,168.10
CUSR0000SA0,1999,M11,1999 Nov,168.40
CUSR0000SA0,1999,M12,1999 Dec,168.80
CUSR0000SA0,2000,M01,2000 Jan,169.30
CUSR0000SA0,2000,M02,2000 Feb,170.00
CUSR0000SA0,2000,M03,2000 Mar,171.00
CUSR0000SA0,2000,M04,2000 Apr,170.90
CUSR0000SA0,2000,M05,2000 May,171.20
CUSR0000SA0,2000,M06,2000 Jun,172.20
CUSR0000SA0,2000,M07,2000 Jul,172.70
CUSR0000SA0,2000,M08,2000 Aug,172.70
CUSR0000SA0,2000,M09,2000 Sep,173.60
CUSR0000SA0,2000,M10,2000 Oct,173.90
CUSR0000SA0,2000,M11,2000 Nov,174.20
CUSR0000SA0,2000,M12,2000 Dec,174.60
CUSR0000SA0,2001,M01,2001 Jan,175.60
CUSR0000SA0,2001,M02,2001 Feb,176.00
CUSR0000SA0,2001,M03,2001 Mar,176.10
CUSR0000SA0,2001,M04,2001 Apr,176.40
CUSR0000SA0,2001,M05,2001 May,177.30
CUSR0000SA0,2001,M06,2001 Jun,177.70
CUSR0000SA0,2001,M07,2001 Jul,177.40
CUSR0000SA0,2001,M08,2001 Aug,177.40
CUSR0000SA0,2001,M09,2001 Sep,178.10
CUSR0000SA0,2001,M10,2001 Oct,177.60
CUSR0000SA0,2001,M11,2001 Nov,177.50
CUSR0000SA0,2001,M12,2001 Dec,177.40
CUSR0000SA0,2002,M01,2002 Jan,177.7
CUSR0000SA0,2002,M02,2002 Feb,178.0
CUSR0000SA0,2002,M03,2002 Mar,178.5
CUSR0000SA0,2002,M04,2002 Apr,179.3
CUSR0000SA0,2002,M05,2002 May,179.5
CUSR0000SA0,2002,M06,2002 Jun,179.6
CUSR0000SA0,2002,M07,2002 Jul,180.0
CUSR0000SA0,2002,M08,2002 Aug,180.5
CUSR0000SA0,2002,M09,2002 Sep,180.8
CUSR0000SA0,2002,M10,2002 Oct,181.2
CUSR0000SA0,2002,M11,2002 Nov,181.5
CUSR0000SA0,2002,M12,2002 Dec,181.8
CUSR0000SA0,2003,M01,2003 Jan,182.6
CUSR0000SA0,2003,M02,2003 Feb,183.6
CUSR0000SA0,2003,M03,2003 Mar,183.9
CUSR0000SA0,2003,M04,2003 Apr,183.2
CUSR0000SA0,2003,M05,2003 May,182.9
CUSR0000SA0,2003,M06,2003 Jun,183.1
CUSR0000SA0,2003,M07,2003 Jul,183.7
CUSR0000SA0,2003,M08,2003 Aug,184.5
CUSR0000SA0,2003,M09,2003 Sep,185.1
CUSR0000SA0,2003,M10,2003 Oct,184.9
CUSR0000SA0,2003,M11,2003 Nov,185.0
CUSR0000SA0,2003,M12,2003 Dec,185.5
CUSR0000SA0,2004,M01,2004 Jan,186.3
CUSR0000SA0,2004,M02,2004 Feb,186.7
CUSR0000SA0,2004,M03,2004 Mar,187.1
CUSR0000SA0,2004,M04,2004 Apr,187.4
CUSR0000SA0,2004,M05,2004 May,188.2
CUSR0000SA0,2004,M06,2004 Jun,188.9
CUSR0000SA0,2004,M07,2004 Jul,189.1
CUSR0000SA0,2004,M08,2004 Aug,189.2
CUSR0000SA0,2004,M09,2004 Sep,189.8
CUSR0000SA0,2004,M10,2004 Oct,190.8
CUSR0000SA0,2004,M11,2004 Nov,191.7
CUSR0000SA0,2004,M12,2004 Dec,191.7
CUSR0000SA0,2005,M01,2005 Jan,191.6
CUSR0000SA0,2005,M02,2005 Feb,192.4
CUSR0000SA0,2005,M03,2005 Mar,193.1
CUSR0000SA0,2005,M04,2005 Apr,193.7
CUSR0000SA0,2005,M05,2005 May,193.6
CUSR0000SA0,2005,M06,2005 Jun,193.7
CUSR0000SA0,2005,M07,2005 Jul,194.9
CUSR0000SA0,2005,M08,2005 Aug,196.1
CUSR0000SA0,2005,M09,2005 Sep,198.8
CUSR0000SA0,2005,M10,2005 Oct,199.1
CUSR0000SA0,2005,M11,2005 Nov,198.1
CUSR0000SA0,2005,M12,2005 Dec,198.1
CUSR0000SA0,2006,M01,2006 Jan,199.3
CUSR0000SA0,2006,M02,2006 Feb,199.4
CUSR0000SA0,2006,M03,2006 Mar,199.7
CUSR0000SA0,2006,M04,2006 Apr,200.7
CUSR0000SA0,2006,M05,2006 May,201.3
CUSR0000SA0,2006,M06,2006 Jun,201.8
CUSR0000SA0,2006,M07,2006 Jul,202.9
CUSR0000SA0,2006,M08,2006 Aug,203.8
CUSR0000SA0,2006,M09,2006 Sep,202.8
CUSR0000SA0,2006,M10,2006 Oct,201.9
CUSR0000SA0,2006,M11,2006 Nov,202.0
CUSR0000SA0,2006,M12,2006 Dec,203.1
CUSR0000SA0,2007,M01,2007 Jan,203.437
CUSR0000SA0,2007,M02,2007 Feb,204.226
CUSR0000SA0,2007,M03,2007 Mar,205.288
CUSR0000SA0,2007,M04,2007 Apr,205.904
CUSR0000SA0,2007,M05,2007 May,206.755
CUSR0000SA0,2007,M06,2007 Jun,207.234
CUSR0000SA0,2007,M07,2007 Jul,207.603
CUSR0000SA0,2007,M08,2007 Aug,207.667
CUSR0000SA0,2007,M09,2007 Sep,208.547
CUSR0000SA0,2007,M10,2007 Oct,209.190
CUSR0000SA0,2007,M11,2007 Nov,210.834
CUSR0000SA0,2007,M12,2007 Dec,211.445
CUSR0000SA0,2008,M01,2008 Jan,212.174
CUSR0000SA0,2008,M02,2008 Feb,212.687
CUSR0000SA0,2008,M03,2008 Mar,213.448
CUSR0000SA0,2008,M04,2008 Apr,213.942
CUSR0000SA0,2008,M05,2008 May,215.208
CUSR0000SA0,2008,M06,2008 Jun,217.463
CUSR0000SA0,2008,M07,2008 Jul,219.016
CUSR0000SA0,2008,M08,2008 Aug,218.690
CUSR0000SA0,2008,M09,2008 Sep,218.877
CUSR0000SA0,2008,M10,2008 Oct,216.995
CUSR0000SA0,2008,M11,2008 Nov,213.153
CUSR0000SA0,2008,M12,2008 Dec,211.398
CUSR0000SA0,2009,M01,2009 Jan,211.933
CUSR0000SA0,2009,M02,2009 Feb,212.705
CUSR0000SA0,2009,M03,2009 Mar,212.495
CUSR0000SA0,2009,M04,2009 Apr,212.709
CUSR0000SA0,2009,M05,2009 May,213.022
CUSR0000SA0,2009,M06,2009 Jun,214.790
CUSR0000SA0,2009,M07,2009 Jul,214.726
CUSR0000SA0,2009,M08,2009 Aug,215.445
CUSR0000SA0,2009,M09,2009 Sep,215.861
CUSR0000SA0,2009,M10,2009 Oct,216.509
CUSR0000SA0,2009,M11,2009 Nov,217.234
CUSR0000SA0,2009,M12,2009 Dec,217.347
CUSR0000SA0,2010,M01,2010 Jan,217.488
CUSR0000SA0,2010,M02,2010 Feb,217.281
CUSR0000SA0,2010,M03,2010 Mar,217.353
CUSR0000SA0,2010,M04,2010 Apr,217.403
CUSR0000SA0,2010,M05,2010 May,217.290
CUSR0000SA0,2010,M06,2010 Jun,217.199
CUSR0000SA0,2010,M07,2010 Jul,217.605
CUSR0000SA0,2010,M08,2010 Aug,217.923
CUSR0000SA0,2010,M09,2010 Sep,218.275
CUSR0000SA0,2010,M10,2010 Oct,219.035
CUSR0000SA0,2010,M11,2010 Nov,219.590
CUSR0000SA0,2010,M12,2010 Dec,220.472
CUSR0000SA0,2011,M01,2011 Jan,221.187
CUSR0000SA0,2011,M02,2011 Feb,221.898
CUSR0000SA0,2011,M03,2011 Mar,223.046
CUSR0000SA0,2011,M04,2011 Apr,224.093
CUSR0000SA0,2011,M05,2011 May,224.806
CUSR0000SA0,2011,M06,2011 Jun,224.806
CUSR0000SA0,2011,M07,2011 Jul,225.395
CUSR0000SA0,2011,M08,2011 Aug,226.106
CUSR0000SA0,2011,M09,2011 Sep,226.597
CUSR0000SA0,2011,M10,2011 Oct,226.750
CUSR0000SA0,2011,M11,2011 Nov,227.169
CUSR0000SA0,2011,M12,2011 Dec,227.223
CUSR0000SA0,2012,M01,2012 Jan,227.842
CUSR0000SA0,2012,M02,2012 Feb,228.329
CUSR0000SA0,2012,M03,2012 Mar,228.807
CUSR0000SA0,2012,M04,2012 Apr,229.187
CUSR0000SA0,2012,M05,2012 May,228.713
CUSR0000SA0,2012,M06,2012 Jun,228.524
CUSR0000SA0,2012,M07,2012 Jul,228.590
CUSR0000SA0,2012,M08,2012 Aug,229.918
CUSR0000SA0,2012,M09,2012 Sep,231.015
CUSR0000SA0,2012,M10,2012 Oct,231.638
CUSR0000SA0,2012,M11,2012 Nov,231.249
CUSR0000SA0,2012,M12,2012 Dec,231.221
CUSR0000SA0,2013,M01,2013 Jan,231.679
CUSR0000SA0,2013,M02,2013 Feb,232.937
CUSR0000SA0,2013,M03,2013 Mar,232.282
CUSR0000SA0,2013,M04,2013 Apr,231.797
CUSR0000SA0,2013,M05,2013 May,231.893
CUSR0000SA0,2013,M06,2013 Jun,232.445
CUSR0000SA0,2013,M07,2013 Jul,232.900
CUSR0000SA0,2013,M08,2013 Aug,233.456
CUSR0000SA0,2013,M09,2013 Sep,233.544
CUSR0000SA0,2013,M10,2013 Oct,233.669
CUSR0000SA0,2013,M11,2013 Nov,234.100
CUSR0000SA0,2013,M12,2013 Dec,234.719
CUSR0000SA0,2014,M01,2014 Jan,235.288
CUSR0000SA0,2014,M02,2014 Feb,235.547
CUSR0000SA0,2014,M03,2014 Mar,236.028
CUSR0000SA0,2014,M04,2014 Apr,236.468
CUSR0000SA0,2014,M05,2014 May,236.918
CUSR0000SA0,2014,M06,2014 Jun,237.231
CUSR0000SA0,2014,M07,2014 Jul,237.498
CUSR0000SA0,2014,M08,2014 Aug,237.460
CUSR0000SA0,2014,M09,2014 Sep,237.477
CUSR0000SA0,2014,M10,2014 Oct,237.430
CUSR0000SA0,2014,M11,2014 Nov,236.983
CUSR0000SA0,2014,M12,2014 Dec,236.252
CUSR0000SA0,2015,M01,2015 Jan,234.718
CUSR0000SA0,2015,M02,2015 Feb,235.236
CUSR0000SA0,2015,M03,2015 Mar,236.005
CUSR0000SA0,2015,M04,2015 Apr,236.156
CUSR0000SA0,2015,M05,2015 May,236.974
CUSR0000SA0,2015,M06,2015 Jun,237.684
CUSR0000SA0,2015,M07,2015 Jul,238.053
CUSR0000SA0,2015,M08,2015 Aug,238.028
CUSR0000SA0,2015,M09,2015 Sep,237.506
CUSR0000SA0,2015,M10,2015 Oct,237.781
CUSR0000SA0,2015,M11,2015 Nov,238.016
CUSR0000SA0,2015,M12,2015 Dec,237.817
CUSR0000SA0,2016,M01,2016 Jan,237.833
CUSR0000SA0,2016,M02,2016 Feb,237.469
CUSR0000SA0,2016,M03,2016 Mar,238.038
CUSR0000SA0,2016,M04,2016 Apr,238.827
CUSR0000SA0,2016,M05,2016 May,239.464
CUSR0000SA0,2016,M06,2016 Jun,240.167
CUSR0000SA0,2016,M07,2016 Jul,240.150
CUSR0000SA0,2016,M08,2016 Aug,240.602
CUSR0000SA0,2016,M09,2016 Sep,241.051
CUSR0000SA0,2016,M10,2016 Oct,241.691
CUSR0000SA0,2016,M11,2016 Nov,242.029
CUSR0000SA0,2016,M12,2016 Dec,242.772
CUSR0000SA0,2017,M01,2017 Jan,243.780
CUSR0000SA0,2017,M02,2017 Feb,243.961
CUSR0000SA0,2017,M03,2017 Mar,243.749
CUSR0000SA0,2017,M04,2017 Apr,244.051
CUSR0000SA0,2017,M05,2017 May,243.962
CUSR0000SA0,2017,M06,2017 Jun,244.182
CUSR0000SA0,2017,M07,2017 Jul,244.390
CUSR0000SA0,2017,M08,2017 Aug,245.297
CUSR0000SA0,2017,M09,2017 Sep,246.418
CUSR0000SA0,2017,M10,2017 Oct,246.587
CUSR0000SA0,2017,M11,2017 Nov,247.332
CUSR0000SA0,2017,M12,2017 Dec,247.901
CUSR0000SA0,2018,M01,2018 Jan,248.884
CUSR0000SA0,2018,M02,2018 Feb,249.369
CUSR0000SA0,2018,M03,2018 Mar,249.498
CUSR0000SA0,2018,M04,2018 Apr,249.956
CUSR0000SA0,2018,M05,2018 May,250.646
CUSR0000SA0,2018,M06,2018 Jun,251.134
CUSR0000SA0,2018,M07,2018 Jul,251.597
CUSR0000SA0,2018,M08,2018 Aug,251.879
CUSR0000SA0,2018,M09,2018 Sep,252.010
CUSR0000SA0,2018,M10,2018 Oct,252.794
CUSR0000SA0,2018,M11,2018 Nov,252.760
CUSR0000SA0,2018,M12,2018 Dec,252.723
CUSR0000SA0,2019,M01,2019 Jan,252.673
CUSR0000SA0,2019,M02,2019 Feb,253.113
CUSR0000SA0,2019,M03,2019 Mar,254.148
CUSR0000SA0,2019,M04,2019 Apr,254.958
CUSR0000SA0,2019,M05,2019 May,255.155
CUSR0000SA0,2019,M06,2019 Jun,255.305
CUSR0000SA0,2019,M07,2019 Jul,256.161
CUSR0000SA0,2019,M08,2019 Aug,256.300
CUSR0000SA0,2019,M09,2019 Sep,256.358
