indice_tiempo,valor_agregado_bruto_precios_basicos,agricultura_ganaderia_caza_silvicultura_total,agricultura_ganaderia_caza_servicios_conexos,cria_animales,servicios_agricolas_pecuarios_excepto_veterinarios,caza_repoblacion_animales_serv_conexos,construcciones_agropecuarias,silvicultura_madera_servicios_conexos,pesca,explotacion_minas_canteras_total,extraccion_carbon_lignito_turba_petroleo_gas_natural,extraccion_minerales_metaliferos,industria_manufacturera_total,elaboracion_productos_alimenticios_bebidas,elaboracion_productos_tabaco,fabricacion_productos_textiles,fabricacion_prendas_vestir_terminacion_tenido_pieles,curtido_termin_cueros_fab_art_marroquineria_talab,produccion_madera_fabr_prod_madera_corcho_art_paja,fabricacion_papel_productos_papel,edicion_impresion_reproduccion_grabaciones,fab_coque_refinacion_petroleo_combustible_nuclear,fabricacion_sustancias_productos_quimicos,fabricacion_productos_caucho_plastico,fabricacion_productos_minerales_no_metalicos,fabricacion_metales_comunes,fabricacion_productos_elaborados_metal,fabricacion_maquinarias_equipo_ncp,fabricacion_maquinaria_oficina_contabilidad_informatica,fabricacion_maquinarias_aparatos_electronicos_ncp,fab_equipos_aparatos_radio_television_comunicaciones,fab_instrumentos_medicos_opticos_de_precision_relojes,fabricacion_vehiculos_automotores_remolques_semirremolques,fabricacion_equipos_transporte_ncp,fabricacion_muebles_colchones_industrias_manufactureras_ncp,reciclamiento,reparacion_mantenimiento_instalacion_maquinas_equipos,electricidad_gas_agua_total,generacion_captacion_distribucion_energia_electrica,fabricacion_gas_distribucion_combustibles_gaseosos,captacion_depuracion_distribucion_agua,construccion,comercio_mayorista_minorista_reparaciones,hoteles_restaurantes_total,hoteles_campamentos,restaurantes_bares_cantinas,transporte_almacenamiento_comunicaciones_total,transporte,comunicaciones,intermediacion_financiera_total,intermediacion_financiera_otros_servicios_financieros,servicios_seguros,servicios_auxiliares_actividad_financiera,actividades_inmobiliarias_empresariales_alquiler_total,servicios_inmobiliarios_bienes_propios_arrendados,resto_servicios_inmobiliarios,administracion_publica_defensa,ensenianza_total,ensenianza_publica,ensenianza_privada,servicios_sociales_salud_total,salud_publica,salud_privada,otras_act_ser_comunitarias_soc_personales_ser_domesticos,eliminacion_desperdicios_aguas_residuale_saneamiento,asociaciones,servicios_culturales_deportivos,hogares_privados_servicio_domestico
2004-01-01,390786.93270853726,31507.3269866133,21617.114368436134,6803.961518945493,1739.2872745719292,0.13948652127260014,596.8652980792936,749.9590399283453,1341.8732847186607,24027.489533785898,21247.895085364522,2779.594448421385,86448.0221689374,21769.029626224237,960.4351142681988,2183.6318345071045,3475.9321983108402,1719.6856823051928,1897.0154805744205,3158.5052563081035,3049.8691657837785,3760.9213757282387,11255.040421773288,4374.696393886814,3149.6684531707165,8053.338759014942,4529.313044063661,3507.4670815611817,292.5984108470288,1440.6599451698298,226.62090568536362,580.6840724086013,2992.7698931636514,441.87419014225526,2851.9704325684925,105.52642373467496,670.7680077367809,8603.24552019097,5376.974104023315,1926.9871247088424,1299.2842914588136,14801.185459514658,58565.3159739285,7234.787298106475,2173.091703831594,5061.695594275285,28143.40724444478,18256.087252142377,9887.319992302402,15012.872756416493,9954.010670694475,3659.865957666926,1398.9961280550913,50450.33445787902,26593.853331470036,23856.481126408995,21071.474914248072,16380.347905298948,12467.473955914946,3912.873949384,12435.382071201026,4177.568319925425,8257.813751275604,11844.979805739427,1374.841390546411,3702.019768958323,6768.118646234695,2918.8873275135065
2004-04-01,439742.5848851072,65745.37114103443,55180.4926867104,4014.6970176432246,4610.085719213888,182.0251147895335,999.4902954196436,758.5803072262065,2140.6402065278817,24441.46370778426,21514.863208351086,2926.6004994331797,91700.16904467173,22692.983575934028,653.9223664549463,3076.892978918168,3738.6025169218638,1888.6496754270606,2112.1470520563958,3054.463223710145,3107.5497528403725,3733.541582431725,11570.539526164932,4307.397401388388,3199.564632441915,8475.706629264205,4882.088049232507,3950.8904712333438,355.61818272955395,1742.269235586268,287.83735270129694,803.1032976270525,3764.2891580645746,480.87219800493244,2918.019728002725,115.081185562673,788.1392719726713,8742.80766059148,5443.396993870756,2109.2568006430406,1190.153866077681,14555.301099634913,60894.07094977155,6353.045379963939,1201.8044968889967,5151.240883074583,30478.544812228134,20184.62859637366,10293.916215854475,14558.300556858689,9519.894397928847,3637.021910225973,1401.3842487038642,52928.42803268237,26725.164072081345,26203.26396060103,21445.432585416682,17003.853733085965,12748.15432528954,4255.699407796422,13606.637986989359,4249.97918527,9356.65880171936,12086.240277184266,1398.5758602784354,3709.4905615260477,6978.173855379784,3062.277710681242
2004-07-01,406578.93921333045,28753.566747384153,8604.622306527706,16633.82829068606,1473.8653613765546,142.0847517423323,990.6892829615867,908.4767539426009,1177.3668319832943,24618.477684840924,21623.08370342842,2995.393981412506,93728.82575051162,22888.411612242955,449.6867195898908,2829.1783636277173,3749.7094080546312,1861.2948090885468,2434.2184596746465,3176.4262374557816,3291.63224186814,3942.8687025440886,11985.97772987349,4684.777329805457,3479.39958543155,7924.934156322856,4765.2188812586755,4566.342145195249,351.2678035465773,1811.3552152341454,356.9124504896722,737.9173514005406,3875.6825500909313,524.654339504438,3066.268334966717,118.63463511324339,856.0566881316681,8906.931528112696,5439.971722338916,2282.822124354099,1184.137681419681,15289.959686194012,60102.61577120757,6872.978024725694,1711.6070362575854,5161.370988468135,29585.843525224813,18793.91341091216,10791.930114312649,15130.093408255307,9957.862625437478,3717.6772031112564,1454.5535797065663,54046.68078818389,26812.36931953266,27234.31146865124,21755.43240444498,17267.575984017505,12949.682153484406,4317.893830533099,13687.034253752425,4303.598053953593,9383.436199798834,12625.696734481797,1406.4726473608828,3734.8150729639087,7484.409014157009,3029.860090009677
2004-10-01,412601.3807265955,30494.525577337638,10944.425991695061,14656.547051658514,3455.526289999561,0.2834244381974324,286.51915805854026,1151.223661797441,1110.1020858527816,24199.79235076712,21032.248686257946,3167.5436645091677,95588.30499616191,22547.351695093494,464.8151841316728,2673.70244875825,4150.460118010807,1921.565878174619,2354.6080298177417,3263.20698840884,3628.3906388017103,3883.4916161457513,11897.449953582322,4759.636995708358,3687.3044678295414,8818.017585229392,4758.587610294425,4815.622401398346,325.9791126002925,1806.6138824017023,403.7485606895899,838.860890398597,3894.4980466270104,677.5308711279872,3039.7149054282263,121.05364455047044,856.0934709527484,8556.63759828818,5314.227580199576,1965.9588264271658,1276.451191661435,14972.455312655342,60576.37907520795,7283.32628738934,1716.074399525999,5567.25188786327,30951.8049978737,19541.220031727236,11410.584966146474,15616.368240184474,10153.3743383503,3873.3401783469435,1589.65372348723,54912.019660075246,26925.170801513064,27986.84885856218,22067.878023467772,17577.81817495217,13212.868087283767,4364.950087668396,13076.35959649392,4382.209630462015,8694.149966031906,12457.239637634539,1465.907000707419,3764.8556298800545,7226.477007047065,3160.369112253366
2005-01-01,419640.8496004924,35665.06911029442,24527.00814739909,8281.002098779169,1690.8782783783167,0.12583479248545382,412.13461986877024,753.9201310765736,1305.3962469281391,23998.485412269623,20838.536414060334,3159.9489982092855,91736.47799773766,23225.81285675863,874.5294448367323,2720.883201681099,3999.4579474246157,1702.416800967868,1867.925810438362,3402.4735451868833,3197.735416601449,3806.4689495326593,11286.60426077379,4488.114941873197,3432.9746586939323,8440.312868149911,4993.6076787806305,3708.055653400061,285.86352389581623,1640.842068886201,264.13104025870945,713.7170893589822,3596.4055847758336,583.5534504775934,2699.999967626435,112.26709005779081,692.324147300464,9171.338179646216,5900.609269473051,1943.6460010517608,1327.082909121403,16323.794888297498,63579.08486538658,7905.875450121056,2339.74223525861,5566.133214862445,31820.861751131466,19896.858227172448,11924.00352395902,15750.693988780238,10171.858085722917,4150.6432975613525,1428.1926054959638,52631.11705398329,27051.869380720298,25579.24767326298,22224.735472672473,17479.472145984226,13281.921960020965,4197.550185963263,13825.7143544382,4469.689223276499,9356.0251311617,12940.939059702298,1424.4751644618314,3930.386594051686,7586.077301188783,3281.7936231191698
2005-04-01,498534.243797462,91464.02176641906,77454.22209851802,7020.215906194413,5198.362842571793,186.66028058693004,832.8595315890587,771.7011069588373,2051.7095828968663,24558.983720706583,21169.419944200636,3389.5637765059473,99507.4005604783,24891.32176610849,658.134904955756,3601.680458501486,4735.512983055245,1933.9950992339602,2013.9241525086964,3515.0691379313935,3488.4207061667657,3532.163827390924,11885.173170134789,4521.627992362222,3903.1774978171657,8532.522354996456,5083.857948066077,4491.347122656241,370.1491628851922,1861.7595469750688,363.61970785903037,966.3977464297109,4432.299284504017,685.1494579928022,3077.1658187926364,124.35759606930968,838.5731170848628,9210.44101694961,5873.942431224162,2106.7662203873692,1229.7323653380793,16485.835860866027,68153.38279051537,6995.167237105141,1278.9543166486033,5716.212920456538,35556.97518855344,23048.134692168398,12508.840496385048,16429.372068813587,11024.409506801649,3935.750058615724,1469.2125033962172,56091.413782253294,27198.894985927887,28892.518796325414,22590.237962239684,18023.061932767763,13469.607190214783,4553.454742552983,14923.170968466235,4524.004995555381,10399.165972910854,13241.573322425227,1469.7430441975798,3932.652170764188,7839.178107463462,3251.4960360059276
2005-07-01,437276.76489456213,28907.536316885165,10687.996061799153,15626.529758067114,756.6635909625338,141.67237595096668,790.6753419973152,903.9991881080831,827.9645291797311,24723.07694031871,21210.988816033736,3512.088124284978,100147.71693446944,24713.501776843168,419.37556774103376,3088.623330288369,4727.077429515585,1936.8059727159857,2085.0334190310427,3528.237990034738,3373.5599660127154,3824.7528739988625,12322.582570246832,4729.763542128892,4195.158979686602,8109.663273226105,4941.268002888441,4891.758951160808,386.3580244493232,1850.0560392147042,481.6234558568009,862.3045523247399,4768.747184100816,644.8426972167911,3263.4165033154336,126.74619846538408,876.4586340062755,9585.864633266845,6000.694555631188,2366.936987809986,1218.233089825672,16917.00798702518,66664.11220188576,8002.992437113693,1860.2878695545564,6142.704567559136,34399.091299560874,21016.086225236573,13383.005074324295,16751.991265111403,11071.796262509548,4049.5572928417,1630.6377097601594,56919.94137119615,27322.93072035459,29597.010650841567,22785.0411180016,18245.411600857173,13649.806251092643,4595.60534976453,15022.478366059471,4587.37888168816,10435.099484371312,14099.119995724162,1492.9635377877132,3993.6514510925117,8612.50500684394,3277.417897906947
2005-10-01,445761.4710450811,31395.873216081687,13241.582309509944,12869.289612445715,3877.902466381408,0.2552891280616469,291.5691949436963,1115.274343672871,1141.4127698321624,23704.850409652063,20088.28420067027,3616.5662089817947,103351.26259295641,24624.544121691357,464.51894168933717,2871.559818059004,5026.7184567753275,1949.1839478128354,2186.323198061617,3606.127812486777,4102.781804152389,3988.9504166351103,12034.910076667404,4897.213890227024,4308.082609284079,8781.142639755688,5616.781475942427,5329.395730896405,327.6052766300986,1910.3278799493648,598.7096173422505,1034.381867114845,4513.404724860937,651.9966725690288,3517.8184598365074,130.9490408815983,877.8341136349848,8971.229859380815,5641.028132247019,2020.0848821231834,1310.1168450106134,17326.340891361928,66758.31566193266,8200.002954940968,1848.821347458963,6351.181607482007,35193.8332855189,21075.453120300866,14118.380165218041,17319.477561233878,11390.0270863349,4282.83824151463,1646.6122333843446,58768.1395886301,27468.511852069805,31299.627736560284,23329.969236838497,18676.431171643886,14033.806850121548,4642.624321522338,14292.369220316512,4709.949927305319,9582.419293011197,13946.893432178242,1537.0700225733506,4077.556790848677,8332.266618756215,3385.0691925823025
2006-01-01,451523.5704714933,34290.22272928828,22957.974832209627,8254.692694281854,1459.5997826685361,0.10266129520553927,438.70481867321416,1179.1479401598513,2094.0123051742376,24711.16939013534,21024.65087378762,3686.5185163477136,99844.3485906839,25166.480285013913,899.3334500219167,2671.957550025183,4381.093842315589,1970.9472705007713,2082.872393127823,3700.520405762512,3548.560131556542,3871.353453244291,11660.077338944979,4811.633772730431,4244.17857305858,8466.086438799695,5584.141922652558,4502.9356134478285,268.2272462115146,1722.4696684963676,532.0705365906656,821.599710269511,4111.983903202892,733.4372401780465,3206.271421100612,121.84301193525746,764.2734114964162,9418.48009879397,6065.285494653726,1993.426847093158,1359.767757047086,18594.36147225261,70204.71290341315,8948.323789280403,2584.488592929611,6363.835196350794,36004.96294060429,21480.597132029812,14524.365808574468,17854.653010916376,11852.269769153192,4303.69435579562,1698.6888859675619,56565.24211120531,27714.973761298104,28850.2683499072,22961.668173582708,18079.458832613927,13626.784223854607,4452.674608759317,14127.902637787647,4578.853870194447,9549.048767593202,14305.192414585936,1492.4219861970669,4171.100016429831,8641.670411959038,3518.8590711751363
2006-04-01,525867.2174463087,85996.68871571272,73468.12489264664,5293.069123072729,5279.032679211003,170.95576579719003,845.7660859573751,939.7401690277854,3182.161513753399,25903.17808831301,22124.25326007855,3778.9248282344597,107920.81620504541,26694.816725422217,664.5810673338992,3640.5333115890994,4957.503141247112,2136.218818660625,2323.9717667062537,3768.224307491569,3751.8263978023583,3873.105763012258,12973.258598926193,4739.030965481153,4740.132380402286,8893.198602912234,5571.718003058793,5296.442813445241,276.18737244223746,1916.0481799244585,596.4485330568926,1009.615241027452,4956.710654995127,589.9549648933145,3540.794779032501,135.15786006442784,875.3359561177176,9674.179831071058,6145.945284340257,2251.684425948098,1276.5501207827017,18270.29439084015,73877.9746395367,8035.31080869396,1510.8416925997678,6524.46911609419,39413.153047417894,24328.94903063194,15084.204016785958,18172.989927402858,12433.778394910833,4199.973064157037,1539.2384683349915,59643.468461245255,27903.633689107337,31739.834772137903,23322.114615152517,18739.286737781855,13931.806126513044,4807.480611268812,15354.323272967342,4653.416363900628,10700.906909066714,14895.47470898262,1517.575767437772,4166.111855664294,9211.787085880555,3465.80248239223
2006-07-01,477872.4776897437,31559.014616755627,11082.43718377096,17121.903756001797,873.0775350233866,163.34870730334003,860.1434724339545,1458.10396222218,2011.618519347302,26258.137240431304,22330.019076350487,3928.118164080827,110311.80167259982,27069.94254231677,494.3153800231852,3194.9374578935567,4609.13983558646,2209.9474811207033,2233.5918673333913,3869.270878962768,4107.859149287369,3936.4914339703714,12670.771774375433,4979.905324007746,5167.681002300664,9312.512459298738,5719.121072802255,6015.5857238888775,366.11694934165047,1990.7989498376924,533.763361221805,957.1337332348371,5525.723018838621,526.3299563896561,3718.329447144336,139.5670549114247,962.9658185114913,10075.947217334518,6316.587129118017,2500.032323924681,1259.3277642918201,19208.4620872448,74125.37314337348,8776.825452479023,1981.5014436443323,6795.32400883469,38824.68729742289,22847.122389214826,15977.564908208076,18908.10540986513,12763.736674690479,4442.589292706294,1701.7794424683584,60566.58339505055,28093.5286263383,32473.054768712245,23731.785447894163,19093.60626568443,14227.8512623971,4865.755003287329,15339.019179232952,4698.169020679286,10640.850158553665,15474.714729728961,1557.9063560028765,4174.871545546501,9741.936828179587,3606.7960152987953
2006-10-01,482693.07976172003,31375.576451536945,13462.525421113774,13089.290517883866,3196.0293614409816,0.2083681489673126,260.6483408622199,1366.874442087152,1236.6425163845756,25351.82894824281,21304.706274821023,4047.1226734217935,112586.64840963583,26541.31791620816,483.304502428298,3213.3400190487578,4911.980419429397,2259.8433716533114,2178.8134686262038,3961.9035486479306,4602.678872812665,3855.3218875456455,13582.156581948408,5088.046967878422,5004.035871555409,9200.521043085975,5909.619773168501,6585.058521948406,318.0075035752232,1932.9689740853712,684.9631389839775,1082.1652048680342,5579.810450893149,652.0457691738634,3786.326005685168,142.63054824237003,1029.788048143194,9931.082999291813,6422.420619962026,2160.4992726954024,1348.1631066343875,19278.05596893128,74658.80555308826,9026.79766138355,2045.7524034777987,6981.045257905752,39900.35354341274,23082.59585161715,16817.75769179559,20035.082703558357,13550.688210587994,4737.389133538796,1747.0053594315652,62559.98568992942,28263.618488967455,34296.36720096196,23997.629239887137,19456.914543875464,14511.601759226985,4945.312784648478,14625.888597426236,4825.363880494381,9800.524716931854,14845.736718277805,1631.741198732186,4234.909490479903,8979.086029065713,3826.0502168577536
2007-01-01,485614.7352247767,35832.61691651189,24163.723326761854,8304.26581758892,1825.6555412109144,0.07952247189972331,414.45452504331956,1124.43818343498,1781.7937257507858,24421.849403380944,20875.685797534756,3546.1636058461786,106109.73215014147,26999.787421825426,847.3012606864355,2821.459155590429,4482.591548493358,2138.8954671526385,2031.5739844237696,4105.9363991323735,3722.933798373068,4019.985787469239,12735.852996201564,5186.185784668546,4687.4954219080855,8062.622906366256,5469.323238508085,5194.306423425125,305.3675666435089,2024.3290362675943,416.7994493113921,1103.4261607785377,4585.469786677177,553.062205023399,3620.0455860929314,129.9732446772894,865.0075204452422,9911.428146789362,6563.129756523282,1969.0884204174158,1379.2099698486613,20744.616500920594,77311.68620251781,10067.162888218134,2785.638457283859,7281.524430934274,40713.37999771587,23246.06500283424,17467.31499488163,20836.01665795337,14124.022718186488,4877.41693135285,1834.5770084140327,59807.826624922935,28338.361997259697,31469.464627663223,24258.100508944877,19238.070839573018,14521.052312267799,4717.018527305218,15085.099265369798,4825.569506932654,10259.529758437142,15863.034490451786,1587.5940742803677,4324.417560757835,9951.022855413581,3632.3209056138753
2007-04-01,575227.4913188666,100598.73591898482,87082.94438434008,5098.886451308884,6265.001816442905,140.35473306381118,886.7605970120295,1124.7879368171104,3313.9251006997806,25328.885017338172,21650.290860195673,3678.594157142495,115422.67996051794,28224.42086588802,664.662252732843,3825.402799093075,5000.571660245508,2454.3641163520983,2149.1741746201624,3981.221481879331,4109.979446197376,4134.407694939966,13380.225106218677,5230.227686049925,5130.998623872116,8840.700966894969,6012.851063713541,6490.347611932266,367.27363164255945,2199.2633013711343,684.1029886912818,1085.073474374121,5742.420832164387,590.0348690906732,3908.579040727375,143.97764992493845,1072.3986219015874,10160.779240407648,6458.1664137625585,2407.7174071281734,1294.8954195169165,20195.176603676467,81609.00967356989,8913.033095799161,1582.4472854292412,7330.58581036992,44966.41799804854,26731.94372328272,18234.474274765827,21179.773226971327,14707.555856913048,4603.7238748035625,1868.493495254716,62928.54102749223,28534.842444321657,34393.698583170575,24738.32144017959,19882.193369813413,14836.592955152651,5045.60041466076,16466.743113236855,4968.107667590313,11498.635445646541,15815.204334400883,1604.9599317213556,4340.4619152826235,9869.782487396906,3708.0721977297258
2007-07-01,510805.0739597137,31867.383961432944,12198.780749453932,16492.179292442725,876.6879358609256,145.48574401560455,794.8927637259516,1359.3574759338023,1655.2781708564899,25129.993014774343,21331.00540840576,3798.9876063685792,117189.72439832998,28446.82173580308,499.0072985393364,3721.5413992119506,4803.216571946064,2509.8177514767053,2380.307990921409,4202.3578743725575,4619.340091789377,4241.693557710416,12287.520286174298,5371.222439974584,5268.365063537381,8945.986193026052,6419.251851024447,6932.136986047538,345.8622602151298,2395.2383115022794,693.2471839887693,1251.0178877038168,5865.895056547925,688.2835262734428,4072.5312281982096,148.29011297298035,1080.7717393722319,10089.547905429268,6535.941730026865,2263.9106850264448,1289.6954903759556,21437.35878479816,82877.5629450475,9521.631637510838,2114.8822248613033,7406.749412649537,43519.23816551845,24483.51959055131,19035.718574967137,21467.052482572657,14783.54990169717,4736.72153670655,1946.7810441689323,64308.217635443565,28687.487107362904,35620.730528080654,24888.288661207953,20122.237213985383,15015.738433515233,5106.4987804701495,16140.472132493906,4973.371995060789,11167.100137433119,16945.798773966857,1575.0919749086574,4441.57040240132,10929.136396656877,3645.2880763451576
2007-10-01,521608.5479089415,32157.92860049276,13208.633437907376,13413.50222921985,3612.6618056183365,0.16152406010404496,291.9013155268005,1631.068288160299,908.7431739661098,24844.002011902587,20938.04698465039,3905.9550272521915,124387.53519739502,29272.994812100114,547.3755854098449,3451.0026928496723,5470.182709331485,2578.854812367239,2237.149895240268,4179.0104538521755,5407.748468983943,4001.2895664986227,14411.465013882089,5605.463596634521,5527.555916229955,9640.902706365687,6760.381523978278,7712.797346555981,611.5334402014029,2469.216341766462,586.6845935636507,1266.6702413594599,6167.0663617598275,663.834953680798,4399.884402275052,157.531682299859,1260.938080208629,9938.62703328183,6468.405135282274,2090.9671149305236,1379.25478306903,21083.055778812028,85215.80882818274,9974.185113969836,2184.646923658535,7789.538190311303,44514.8985442445,24737.254925994337,19777.643618250167,21936.08642647473,15120.793288926061,4843.799028413246,1971.4941091354208,65715.13994705427,28876.625129848813,36838.51481720544,25416.22651078308,20469.9831761148,15318.834754137079,5151.148421977725,15581.86355023659,5237.026141490541,10344.837408746049,15687.108117744729,1696.600588608234,4488.9044238869865,9501.603105249505,3777.355898285993
2008-01-01,513982.6669823517,35233.10097074534,23795.332609849916,7725.658188840101,2174.893828751524,0.09544994983799909,422.4314566384521,1114.6894367155112,1202.9574299525445,24610.756338362095,21015.771528900284,3594.9848094618073,113475.78486114365,28042.21832065083,895.9298044385478,2936.7549587636577,4825.428548061336,2393.5541568804642,1989.1351311922842,4200.57122452836,4509.947037910651,3956.8069673882137,14005.455915385697,5022.150902104976,5027.28368770026,9538.934709652971,6338.962800757304,5523.504341169985,591.241197070526,2106.456536433657,409.3498633558446,1042.1725765029032,4961.344009635019,504.12231412136555,3481.3463859693643,138.8738851185271,1034.2395863509194,10594.572647815683,7078.894844591599,2095.072046931422,1420.6057562926662,22349.239324625967,84125.19954786196,10492.103853704883,2885.1472028164444,7606.956650888439,44565.070359688885,24571.559402575695,19993.510957113198,22346.344368300357,15473.914889675696,4884.9380790985815,1987.491399526076,63838.48848943655,29073.464119972727,34765.02436946383,25046.759129928894,19700.06547821313,14795.870408057837,4904.1950701552905,15980.78140248804,5058.744423229219,10922.036979258823,16520.88970812028,1689.1081498378712,4580.58020466122,10251.20135362119,3900.5530719634116
2008-04-01,603851.0824871914,98310.7729408629,84679.4235302822,4925.87645221439,6529.80420203838,187.38314541726086,874.3925070156625,1113.8931038950473,3568.884431793675,23479.310908446707,19778.32057130112,3700.990337145582,123448.05224132763,29915.056164846173,709.283383369971,3677.4488027668262,5577.241448297011,2552.9258771766263,2246.2928754692816,4099.655700537611,4642.4580617214915,3923.4446234017855,13888.229753379863,5036.37424463653,5406.679174057085,10448.118342506512,6751.643685389657,6876.815655039135,692.3672340690212,2654.1178335914633,507.84036868689356,1363.913972110336,6258.6866732802755,576.5539809538086,4243.860338817128,154.64911857746773,1244.3949286456805,10491.405663365807,6976.563151956912,2161.439780437703,1353.4027309711948,22101.18602489383,90604.86042601289,9078.515774470807,1460.6540040543273,7617.861770416482,47592.184770532636,27107.806163451718,20484.37860708092,22672.538851789446,15786.370435563804,4794.597021522957,2091.5713947026793,67409.04689264251,29279.43520711105,38129.61168553147,25798.408182982555,20745.02664982189,15446.213622434581,5298.813027387309,17633.99501268488,5269.699919714259,12364.29509297062,17054.06111033603,1710.1557398960786,4675.902063887708,10668.003306552246,3862.8326052272428
2008-07-01,539984.7577753984,32467.88452119133,11634.937160757361,17518.30447412017,1059.9415973495122,186.4919089846727,710.4699716004308,1357.7394083791708,2094.9922297806856,25206.886564043576,21413.641431573276,3793.245132470299,126049.95023852495,32105.849160340284,542.5026156216152,3283.1039427024725,5322.392134634493,2308.408944157472,2277.1808334396474,4242.166177994127,5009.340008760485,3967.7940206646235,14440.24604325897,4733.020181142179,5562.247241291645,10056.706053373286,6690.8330320233135,7681.875791405881,591.7544788313832,2367.3771631908276,502.0092258374271,1282.7838228801854,6967.698818694404,570.7869273324812,4152.744737758001,159.46629730355264,1231.662585886227,10736.486875784165,6981.447632509908,2424.3132769096073,1330.7259663646478,22443.40230748471,88740.3908809236,9637.748237737564,2034.044372261657,7603.703865475908,46157.49928526468,24962.625255059593,21194.87403020509,22753.574892722154,15619.286351522725,4785.87687985107,2348.41166134835,67626.66572919562,29458.166065664285,38168.49966353134,26175.862082198328,21189.237625049213,15837.218402305043,5352.0192227441685,17345.564698714672,5328.135751705969,12017.428947008706,17569.31350089285,1743.652560637954,4726.241422076778,11099.41951817812,3789.2981058903188
2008-10-01,513458.61604791734,29488.908802370475,11205.140710917898,13131.633746934265,3294.5737116420014,0.1938087791331593,234.3015608719202,1623.0652632252272,1199.851672593308,25296.793436245338,21376.658432373337,3920.135003871995,116905.55073363564,29375.20527145681,565.5496368269805,2742.8595021550605,4717.415409160509,2244.9372291275613,1772.998722061776,3818.401151907324,5118.369429944013,3821.7505525205097,13978.06797167708,4818.863266093894,5059.030510087779,8757.344911512087,6167.775505260141,8049.665448592139,679.3405585548992,2198.822661300539,449.95460849806045,1378.604558366938,5210.337897422384,744.3832364996584,3779.194080272596,147.94359585780435,1308.735018479088,10221.246920925621,6747.639922744602,2077.4920053948,1396.1149927862173,20070.714151131466,80844.60985707233,9459.085922761806,1914.9212394318424,7544.164683329964,44846.45793965125,23244.71219345835,21601.745746192897,22967.176418583964,15922.018944415715,4764.72804064653,2280.429433521723,67774.21093197966,29620.870796516625,38153.34013546302,26371.850670341897,21414.466459724994,16004.748383509788,5409.718076215204,16441.799199537014,5359.471572287384,11082.327627249631,16408.25903499334,1789.808827657546,4812.894300177506,9805.555907158288,3747.6338963691655
2009-01-01,482999.5774584185,29780.836736972957,17995.093769717132,8430.104564447252,1860.4604711378324,0.08335630989866931,377.40519597147465,1117.689379389371,1048.6947077085088,25105.029425308756,20738.57169442721,4366.457730881549,99731.97958782518,28124.05011617178,921.2875260352554,2419.942268800184,4246.671160595323,1826.9641979459889,1618.61480914613,3615.487567487771,3893.786417827882,3680.145591799463,13356.016053151181,4537.403864910767,4301.598518397926,6688.059306667929,4267.70320440151,4415.536110206946,488.4111611279546,1815.5565100367053,217.74776701470074,1118.9481105411596,3796.445404885903,498.96541341140204,2999.919809932828,122.55452434042259,760.1641729881007,10481.74371107269,7010.113664394666,2026.422807078993,1445.2072395990285,18881.38821273549,75107.37403942653,9707.976073976724,2494.200630487011,7213.7754434897115,43713.046161338476,22150.033053442952,21563.013107895524,22527.860694291918,15677.188020430978,4690.415917250699,2160.2567566102434,62778.28299030678,29733.659022322263,33044.623967984524,25977.33329547013,20706.49625311063,15570.322766334977,5136.173486775651,17093.428363954205,5307.00014841127,11786.428215542936,16406.382498780353,1649.463759180612,4843.02337610999,9913.895363489753,3951.724706139272
2009-04-01,532731.5557497607,58364.434149642264,47285.52041650997,4987.20288121384,3999.90668530297,142.83795356468846,828.2138164404726,1120.752396610333,2205.340691075655,24844.855664395676,20438.460688542193,4406.394975853489,110280.7814303784,30780.22600526227,699.8858174242647,3263.2163523948702,5092.953781377155,2133.1513060171023,1811.641739667059,3526.018250516234,4205.237470780741,3868.3266566228194,14465.44462221532,4756.071960450485,4524.278005938189,7021.065416998655,4897.776878811913,5345.644937355773,681.2488319214752,2010.9467129077316,267.0159579129347,1252.8214956324873,4762.29409867625,430.13816127742797,3301.134874965588,137.9413157819711,1046.3007794696737,10654.127549097873,7051.748350014465,2227.176568373852,1375.2026307095541,18156.680501244813,78251.1508418703,8999.809322019742,1383.9476783704506,7615.861643649293,46792.316487219,24852.637418034912,21939.679069184098,22729.531731986663,15739.016329540647,4834.102280205955,2156.413122240067,64676.24151625689,29909.873406007737,34766.36811024915,26102.56069870124,21050.54354894769,15638.22257902706,5412.320969920634,18877.49356838045,5325.363752835083,13552.129815545364,16809.913146305407,1702.964808758059,4853.332421263113,10253.615916284234,3935.7749022386856
2009-07-01,512817.4450283392,28306.986567959855,8655.251553061667,16553.42603598758,854.7289734862214,170.75371089052857,712.8870567920185,1359.93923774185,1890.2751118308063,24097.201022574918,19636.190582459032,4461.01044011589,115427.80331683898,30777.953563632087,526.2017865046178,3079.6728579695205,5301.968728209623,2372.137586053551,1972.3157135911333,3965.6334896539784,4599.333354442601,3688.3810408237405,14695.4447798134,4738.381654107552,4991.674588620977,8309.383069893709,5931.003913690509,5478.942906824433,661.6055250339784,1960.9100158152794,338.0197249484181,1318.548285970401,5282.232387310507,442.1128833065909,3803.772608075093,145.7938441885117,1046.3790083587828,10671.492628096263,6993.214309489621,2313.9437959006723,1364.3345227059706,19838.37412359538,81211.77029743663,9055.662963661074,1527.0040569968378,7528.658906664237,45277.79854837691,23033.266573308407,22244.53197506851,22703.735501673065,15624.123196976961,4850.662915511936,2228.949389184167,65115.035371230784,30072.80717912513,35042.228192105635,27179.692763161616,22009.324361575123,16555.020088751608,5454.304272823515,18622.606520704958,5487.042425657126,13135.564095047836,17428.12881763334,1768.6429860993824,4895.971691993236,10763.514139540717,3981.5571119897572
2009-10-01,518186.66249143024,27522.751751210242,9857.325074307113,12648.846282837972,3146.466374377464,0.16952869232631657,244.6817457659603,1625.2627452294034,1313.9889557910305,24792.42546096643,20245.830269691964,4546.595191274471,119600.37641755356,29888.0226059732,528.1764621375304,3200.2907542442276,5231.562509694934,2530.011946782539,1845.9624116037173,3989.004069929264,5177.427444232115,3812.1024821532337,15006.672815297052,5154.683682363885,4967.539645001918,9062.180055852532,6319.988752737403,7094.849948004093,770.5559156955585,2021.015199386516,508.7268630292051,1145.8725766829227,5523.541993204761,581.14842157205,3868.073588587884,151.09203046824072,1221.8742429187837,10015.629984902132,6602.191674689103,2027.4973805498505,1385.9409296631754,19386.763883419244,81947.77379624009,9873.869457936938,1964.1527622262709,7909.7166957106665,46158.11774465321,23406.85061203348,22751.267132619727,22632.956441358398,15564.71187317166,4913.576036543036,2154.668531643712,66686.51818885062,30243.65778001776,36442.860408832865,27498.237663656622,22367.775881024285,16868.204126125052,5499.571754899237,17546.017997311854,5572.708796388485,11973.309200923368,17065.151117490554,1870.5850967262277,5041.713733927994,10152.852286836329,3778.3077490653873
2010-01-01,513702.81287690334,33044.93863242289,22154.079132334493,7813.127880809925,1561.356226823294,0.0916920236231154,395.8829838560213,1120.4007165755215,896.7655659556538,25046.17807557177,20211.839187424022,4834.338888147754,109908.23914134917,26891.553967460713,902.3589499812672,3066.5084043255115,4764.540736960913,2419.2248598084366,1717.820775673706,3807.553070192416,3991.8462862281367,4046.1000352188753,14885.942627533168,5587.720216027088,4600.491512029843,8380.411091618722,4946.909179031599,5019.950125958918,451.5532901552514,1786.5955956105586,636.4893606085127,1074.0203886154418,5991.643677630853,518.4057599800121,3456.033937566094,134.67658468473144,829.8887084484154,10563.941645668001,7088.59167484068,2037.503656908536,1437.846313918786,20235.022403340456,80935.42706041448,10450.031665357981,2711.9322300282165,7738.099435329765,46552.77816825278,23552.60853847474,23000.16962977804,22308.342547300897,15023.285537143405,5130.099511489741,2154.9574986677544,65362.17071687692,31087.02407780681,34275.14663907012,27402.13395995034,21875.816186524535,16621.62472499955,5254.191461524986,17859.29251754036,5483.121839450829,12376.170678089533,17522.66361100437,1814.4901431028143,5193.263926224812,10514.909541676741,3739.070979372864
2010-04-01,621308.4886380426,106261.14201319175,92537.1878405804,4804.616665874049,6781.843652659301,180.42832474861734,829.851344202351,1127.2141851270526,2031.3191515139165,25543.209580437608,20625.45263618143,4917.756944256177,123636.54793188775,30237.81379231114,684.025039775375,4146.313256973321,5838.825295325228,2827.0326355105763,1998.994560687893,3911.379495309903,4510.328592474017,3897.166702779666,15159.208254694266,5405.361491791701,5024.220007854686,9811.872850861922,5803.43657719887,6887.092564468775,644.2694261138141,2040.5370631687786,1028.5402840080374,1311.2327591789565,6977.697179181332,571.9958182038514,3588.6144362091227,154.81501415880612,1175.7748336476886,10448.309909272559,6982.877111234212,2079.552118152664,1385.880679885683,20775.17494805789,88742.9853460054,9632.909713602325,1636.4396394856367,7996.470074116688,52135.27836858109,28921.49975146017,23213.77861712092,23017.897470612537,15790.746792874363,5001.035820002535,2226.114857735641,67775.39808794,30545.111305620558,37230.286782319454,27571.90022303,22381.48795784273,16790.668036708837,5590.819921133891,19813.559266561686,5519.3782467868095,14294.181019774876,17595.951395673015,1835.3092714574375,5246.389276482876,10514.2528477327,3945.4172738324787
2010-07-01,557179.739291922,30899.443269088806,12749.89974921101,14718.23217582081,1194.3303096530235,197.6965846743026,672.7958477720576,1366.488601957598,2538.926151078007,25721.42094501317,20723.81157568621,4997.609369326968,128980.69590513616,31207.92752110378,526.7831082530118,3686.7622869636157,5866.4370673284175,2930.05699521617,2189.506849075942,4419.820344292069,5294.0421853124235,4037.1858259669457,14697.286239498022,5491.930557581048,5405.642285547521,10533.112915746917,6298.026005261327,8162.634723157686,600.3908019294472,2000.7098533158464,1456.4867967212385,1248.8795959287902,6926.953883905509,550.1223040325611,3970.199035540598,162.8352867142267,1316.963436743089,10928.80416545911,7266.937947059646,2287.032432775492,1374.8337856239746,21801.302529601664,92699.57935565415,10398.589240657318,2196.313561701201,8202.275678956115,49866.33440938376,26170.548483671137,23695.785925712633,22530.45058995845,15258.934504544952,4945.310403436195,2326.205681977305,68799.51239268706,30685.349742393457,38114.16265029358,27540.47556159687,22450.242319061694,16814.762288270314,5635.480030791377,19321.934426701413,5533.762241927745,13788.172184773663,18519.398044769914,1871.2073953523268,5311.045895055291,11337.14475436229,4182.6299860740455
2010-10-01,559799.1058035437,33050.39182962894,15122.888178169489,11525.795921357509,4537.972092254531,0.1862989262581793,233.61152569970145,1629.937813221461,1167.609961745606,24084.360146049068,18938.147848867906,5146.212297181159,131060.26564849203,29886.805050162307,538.199453169292,3443.7724588095944,5736.2023301527515,2821.4358105477777,2061.313139417901,4341.551060872304,5512.794028207522,3902.692415849336,16293.758460843399,5927.642750450766,5767.611425459933,9576.313502667273,7036.826187378908,10117.398506417194,559.3997364959994,2162.566004560977,1382.754743382584,1242.7718031737747,6411.01754303573,740.7413132671458,4027.5133874108406,165.45543488894938,1403.729101869766,10610.354644541994,7069.613115042692,2101.6832458207946,1439.0582836785075,20908.310291414582,94257.60885330236,10715.730483865163,2156.4923865801143,8559.23809728505,49565.31518121748,25356.352847910322,24208.96233330716,23192.532764022268,15683.316542589302,5154.696449276032,2354.51977215693,70850.65605003333,30835.20251525966,40015.45353477367,27929.87316558047,22615.878947219397,16959.01852380102,5656.8604234183795,18234.05658338868,5645.124391867156,12588.932191521522,17712.158277112565,1926.1528812721588,5339.58312962446,10446.422266215954,3844.0029759297718
2011-01-01,552172.5318040445,36789.90995635269,25223.90796062651,8184.651939519388,1874.9705542620927,0.10392321558847871,379.82498284917824,1126.4505958799211,1141.9542788946148,23907.72416454516,19335.368623633967,4572.355540911194,121432.83639383176,28961.428841985577,913.6495865607883,3267.889301590696,5216.512328950768,2447.790955913683,1952.4138162781337,4123.341375113064,4369.735571578912,3966.5262794313576,16306.010696654937,5957.074228950532,5099.984501453535,9661.341735377047,5457.726561305333,7413.421003355761,435.09106440330635,1726.7088990401887,1268.6127362955315,950.3402377978776,6798.139360918634,573.1210061526513,3356.037022086834,148.71179210531804,1061.2274905313025,11119.028802652467,7540.978158181686,2090.454777530068,1487.5958669407157,22642.523144387975,91677.92166975596,10962.36021895674,2825.8035534594273,8136.556665497313,50160.37094913447,25531.055222946026,24629.31572618844,23894.279424891858,15984.357677636795,5496.11339379965,2413.808353455418,66975.7196945894,30991.261867859273,35984.457826730126,28002.345934272318,22326.917384251257,16862.073357238703,5464.844027012554,19053.708241253622,5694.235199933456,13359.473041320163,18335.19065174869,1908.906217637482,5476.358588583316,10949.925845527889,3749.740894525493
2011-04-01,646898.6330027265,96796.91702031325,83344.21252611812,5020.335132596191,6291.709426780482,196.2838259870953,811.2796412991017,1133.0964675322414,2068.3530709328325,22163.90391417955,17493.639997225982,4670.263916953573,136012.85291016378,32039.66377030881,748.5440856184189,4423.0240821118605,6686.964018559124,2917.6083465246807,2190.230765582919,4164.280218486793,5151.159564524775,3867.366105272333,16283.19668407736,5983.6076879055945,5578.256709244849,9948.991092485014,6474.801686589682,8949.923343504404,531.6299186232438,2183.4766943906106,1904.1239407860714,1201.5667757205497,8327.616805291675,497.7043596720523,4372.001853571484,170.0437875493985,1417.0706137621046,10903.662209846216,7409.222715365505,2069.959524370172,1424.479970110539,22631.753358817274,100328.7690709326,10326.962263803143,1618.0320903629056,8708.930173440234,54473.51492217669,29537.918322865815,24935.596599310866,24716.57708106261,16943.520457952425,5360.430866413519,2412.6257566966583,71403.24463055842,31215.90323238155,40187.34139817685,28205.06930646272,22784.97072581089,16979.186269727412,5805.7844560834765,21216.71275808836,5802.590075158556,15414.122682929801,18837.494631446123,1908.6895172525324,5491.864015207498,11436.941098986097,4027.875128132155
2011-07-01,590445.0826619952,31511.160965454925,13353.857189927105,14739.588236742964,1171.9225141790582,220.45719297761792,651.4083554609686,1373.9274761672145,2321.2499960428595,24169.46710439393,19487.05308325446,4682.414021139468,138227.83704677943,31953.913573887097,522.8022138696753,3864.5578553300547,6735.424478132635,2919.6954153414886,2379.805010342295,4501.729275567551,6516.0601579622535,3954.965193823809,15243.628998066408,5783.322617643164,5906.945872795219,10809.084731040564,6794.546301427898,9480.685926104716,604.8666798045821,2100.1970002680387,2620.2867855756376,1166.6208298516553,7761.6539331696395,524.5581773163145,4365.881660954159,174.2357032925085,1542.3686552120755,11294.286688763292,7586.2464021115,2299.745796260194,1408.2944903915982,23914.29214741788,102946.33993489429,10930.816993555107,2111.83696969995,8818.980023855158,52450.29317001754,27676.414091896677,24773.87907812087,25507.454280555212,17289.552712589448,5547.333460356734,2670.5681076090286,72232.28382656715,31397.9026403027,40834.38118626444,28781.408481767623,23341.415963662974,17465.612347956616,5875.803615706358,20045.588438765386,5882.992142659128,14162.596296106254,18668.56167090096,1986.2330576579468,5308.648029857954,11373.680583385061,4102.625952456971
2011-10-01,584564.8342763868,32714.430190837556,14707.900023819328,11619.297447441388,4529.614893103514,0.21097674764167748,219.278253372609,1638.1285963530597,1449.4044473770698,24300.995907096225,19559.253146170908,4741.742760925311,135753.51188160872,31072.969594419166,472.551401496686,3377.791083883817,5891.433127790776,2743.2495788381893,2185.3181437533613,4368.6057657084475,5974.185804037386,3980.152261337269,17133.158543621743,6033.449731267585,5916.171023991452,9786.631984524485,7082.708878808039,10145.39438270743,651.8443364000149,2198.8962880147387,2274.036582336651,1113.3037004025482,6673.9019087369925,648.5886571249741,4291.73215536828,171.41279923875345,1566.0241477999334,11252.030147651432,7391.589662302125,2378.911144024266,1481.5293413250429,22522.742466737887,99781.86268157896,11065.03903594321,2155.7542055379795,8909.284830405231,51726.764462975814,26352.690905227995,25374.073557747815,25880.393505892203,17655.61097091653,5658.056410817124,2566.7261241585475,74315.3449338333,31572.88539878749,42742.45953504579,28967.290103693667,23575.762099941956,17665.08238607514,5910.679713866819,18888.38908297745,5960.56516168643,12927.823921291023,18349.354531994108,2058.454386792594,5272.790562882501,11018.109582319015,4021.5187962473315
2012-01-01,558390.9351855027,34318.98493040696,22097.812554383232,8115.495099076102,2514.7014981834054,0.08341674422853604,386.87888374730585,1204.0134782726773,1288.8172946089915,23136.990304760006,18450.86011166548,4686.130193094526,120673.38272151035,30152.162829377547,886.2814341077321,2825.5308585923817,5070.563621102414,2293.003688574951,1789.2296399472723,4097.958573685204,4522.343168895276,3911.1354541186097,16479.401610206725,5828.858130519127,5237.142828407522,8542.978868379592,5447.501664374607,6671.731904745205,460.29289702894386,1634.9709340133913,1833.5202545138793,975.1430605365056,6775.859468498813,447.02093389214554,3581.0220586870055,148.3584053500713,1061.3704339554647,11912.514153307417,8227.726063093824,2135.1976360588183,1549.590454154772,22923.655844658264,91795.64272473239,11219.605698003292,2742.5732430032504,8477.032455000039,51067.29403286046,25669.03519816287,25398.258834697575,25986.812530551873,17727.71775174182,5711.824706305142,2547.270072504912,68916.63787556007,31757.02896629266,37159.608909267416,29046.283792427574,23179.852924582206,17489.82261461497,5690.030309967242,20431.669720679492,6074.598287232384,14357.071433447109,18440.95987804056,1970.8872717920567,5529.516688303056,10940.555917945447,4051.8307588126504
2012-04-01,614895.666135293,74014.0418142221,61823.87408535286,4601.670087157034,5385.86704747965,141.49184693662266,841.9137763514602,1219.2249709444718,1703.4094325399794,23351.47087448691,18607.090821504476,4744.38005298243,128098.39302481044,31674.181389744805,733.84414670444,4016.0179324697474,5931.213316948644,2579.564263066779,1980.2117315849098,3993.974627311333,4669.802254127298,3957.1101422582456,16028.241112538091,5768.449448845606,5244.091996220956,9985.411142718789,5759.673212317856,7336.920168271481,501.2557772375805,1728.7518865290851,2693.201963334094,1126.2424757629308,6457.2142944838515,366.0374042457281,4130.7943951235275,159.87841759926343,1276.309525365384,11427.575951918285,7811.746882847883,2157.7205337529917,1458.1085353174094,22210.449451183536,94062.58877423349,10433.780817521942,1643.6760768561908,8790.104740665749,54149.67142410903,28363.006494540976,25786.66492956805,26203.845306199626,18163.775368437502,5603.811801117261,2436.258136644864,71083.74254582435,31917.660605934812,39166.081939889526,29175.623164013214,23649.1942425683,17671.262918145407,5977.931324422891,22268.045345353028,6119.116376710775,16148.928968642253,18859.63736646916,1946.3738997705793,5482.425735949825,11430.837730748755,4204.196599839417
2012-07-01,582963.280456856,32049.64779299386,12648.333178822913,16093.340128906175,1017.6160120824163,170.08665256114463,644.5825391287648,1475.6892814924383,2458.4454901490185,23805.92142712143,19071.068242336638,4734.853184784783,132304.6655369362,31422.320801955077,532.5299678921235,3461.8396173778965,5992.647154206256,2605.8853182953076,2238.8896908816173,4371.552895722521,5376.635392081899,4126.586856870035,16831.814230598062,5850.219574864677,5411.281943054286,10004.843178840207,6217.628935363563,8368.301388744509,500.6450320498672,1798.8296733723278,2686.038069245625,1235.463815837469,7239.591521759768,410.4331783791886,4100.422979213612,166.60785840088968,1353.6564619294013,11768.686651906395,8027.200808363978,2298.9523547953395,1442.5334887470756,22502.781808827207,98493.89622677439,11085.997504564233,2158.6268721167503,8927.37063244748,52759.66340835026,26631.77216820967,26127.891240140583,27158.608178359813,18497.66774984182,5961.394214181985,2699.546214336009,70685.09076169688,32063.147355600882,38621.94340609599,29401.128573417074,23916.232693747173,17902.992397710823,6013.24029603635,20903.911300210242,6193.842594240109,14710.068705970129,19421.264987567738,1953.7900630455356,5461.464461635406,12006.0104628868,4247.338114234434
2012-10-01,584095.2742219708,31021.037433122,13083.272298699088,12325.551575715424,3662.7246561210986,0.16937960642858332,201.52928171590378,1747.790241264067,1571.5347859716983,23106.515325120174,18341.329163631122,4765.186161489041,134868.39359001658,30556.857732954784,536.2215542768159,3286.3064910895378,5647.88187371903,2616.2289942881557,2082.742810792718,4136.438161257481,5674.876198381941,4184.434606639257,18474.134668556995,6274.274060173614,5634.185901968119,9368.482409779834,6811.863970255793,10034.070369397998,566.6998122489346,2094.863173636891,2489.268686423773,1264.9524490570766,6674.6574494749075,466.17647525140444,4294.074742963909,169.79814445372676,1528.9028529739044,11538.888043975305,7846.653697876707,2172.607762850923,1519.626583247677,21841.087903725653,99430.32694160935,11141.3495885496,2137.6785146501084,9003.67107389949,52082.691257599996,25099.86261857968,26982.82863902031,27994.658938316952,19228.59160324711,6086.984703867931,2679.082631201914,72549.19224710639,32217.531290947747,40331.660956158645,29762.203980467064,24336.537341277384,18267.95668005487,6068.5806612225115,19964.653540891493,6317.210784554914,13647.442756336583,18772.190621495312,2046.3804797806317,5565.32716173741,11160.482979977272,4114.012682725714
2013-01-01,558890.2157656607,36095.57619416162,23755.098944008754,8291.699993001454,2378.84566430777,0.08336106104677367,384.3824706559661,1285.4657611266327,1285.0384582217305,21980.594640171006,17895.384449803205,4085.210190367802,118001.20704499159,28104.147510479892,857.7807919742175,2580.2355013196466,5133.221512803417,2060.128539844575,1844.9689776256726,3724.574673319623,4126.154861938175,4008.3490016661494,17383.011297679823,5845.225392467076,5124.529878877856,9273.949602335952,5143.446799746979,6325.104470084318,413.42792502093084,1612.2276278186928,1641.0854924909238,958.8151092763746,7105.07211078019,393.354897555605,3208.0770642723824,144.32736415671567,989.9906414563943,11468.106423798572,7931.005195650963,1966.1981048138416,1570.9031233337678,22373.072987135678,93060.85156307548,11150.128273743994,2673.485432941577,8476.642840802419,51126.635657179075,24775.634830209583,26351.00082696949,27086.519430708508,18509.768894501376,5945.352191617148,2631.398344589986,68510.72680430018,32324.25960689739,36186.46719740281,29769.09175095966,23879.03339752377,18041.992418236267,5837.040979287504,21015.051669791446,6285.150733891681,14729.90093589976,18038.976786551335,1864.9960479323493,5674.749939552147,10499.230799066838,4049.6046833471232
2013-04-01,650956.2397726428,91073.23400299891,77854.23404147004,4824.823568808542,6113.901929544623,135.25548146631434,834.2196096541046,1310.7993720552754,2511.075023388835,22434.342301372162,18264.15888363378,4170.183417738381,133402.93035295708,32101.370254493915,672.5395545904773,3671.0026278601613,6404.681457601966,2601.386642850337,2130.487217621456,3905.8430943086455,4344.55837309679,3830.7801193099635,17698.248699821488,6061.155397565433,5684.541689271578,10239.752196078807,5819.805078750245,8313.859266824744,400.2753217562344,1972.3970844144872,2387.4688303449134,1174.4456082329732,8028.469705175298,438.2898427086652,4008.5103315976485,166.5721108147758,1346.4898478660837,11469.41679156968,7769.131210647886,2211.4651727620085,1488.820408159784,22507.579735885807,101333.47768842001,10537.237586280547,1585.678103031057,8951.55948324949,56360.09521200785,29731.51979054524,26628.575421462592,27561.305946262622,19047.738119000715,5908.156863771862,2605.410963490064,71717.86585669772,32508.720303037993,39209.14555365972,29904.535353371244,24329.18709332761,18171.734103585586,6157.452989742023,22905.444705425987,6354.699626042941,16550.745079383047,18549.23789822724,1847.3807389000858,5632.1784850573495,11069.6786742698,4359.2742244495075
2013-07-01,595017.4263337185,31769.160841676814,12483.099552100512,15833.114177494255,1066.1914762634904,167.32616459062223,636.6973961408422,1582.7320750870929,2877.9245976025036,22692.133983431362,18552.089201924144,4140.044781507218,136116.54181495315,31598.35260619538,524.3374880109495,3492.17458052957,6036.711902793957,2761.393869605489,2361.072952105469,4296.885280996527,6614.193775611966,4169.973224930963,17419.517216074382,5978.691722866368,6161.774223128883,9700.843086340748,5920.744259633549,8646.060330113762,405.2171272918659,1878.8444244848517,2858.497612650798,1093.2240196804435,7837.50498209829,493.057515367367,4331.553500988088,171.6889406341287,1364.227172819331,12086.87443707862,8359.431344728355,2250.1216104792375,1477.3214818710298,22871.452376564397,101141.77378599641,11212.949227161915,2229.6120554213367,8983.337171740577,54346.36706618437,27394.205578525296,26952.161487659083,27920.76557158467,19062.56451585068,6122.901828094283,2735.299227639705,71787.51422141075,32614.1443152783,39173.36990613246,30240.902883316143,24741.21917768573,18576.010247238424,6165.208930447304,21514.793424015446,6424.354266343271,15090.439157672175,19455.53766936902,1773.2582446974882,5698.990721831574,11983.28870283996,4241.515255687346
2013-10-01,587118.3162636015,31335.310702384202,13284.480054129892,12249.9042072502,3740.5864440780224,0.1693246853057516,196.84528594027884,1863.3253863005116,1955.862851871757,22513.594682141804,18444.06209844955,4069.5325836922557,136181.54952612898,31023.10040494671,530.451462596685,3287.6619707902883,5685.778324312612,2732.4192918950503,2215.10761311524,4311.003503715746,5349.961602516896,4173.008606850083,18861.581258531005,6049.499196239481,6281.770347470043,10185.098049913515,6136.93040769948,9578.535388164408,572.3390876816228,2013.1987523790262,2733.97253634874,988.2869906091701,6463.453656153663,858.5059898624924,4411.303442083666,171.84557357847447,1566.7360686748889,11849.053436088361,8272.014534870395,2049.6103964211893,1527.428504796774,21631.916941617063,97821.76374721376,10987.069600082204,2179.7421610223014,8807.327439059904,53184.57675523379,25651.79701480526,27532.77974042853,27817.271272193633,18840.746827724044,6265.8651110987175,2710.659333370874,73295.3179954559,32756.960084687533,40538.35791076837,30570.819608741676,24857.436168542325,18662.450134299517,6194.986034242809,20378.642802111302,6534.483383649653,13844.159418461653,18400.14196668411,1931.6792433585465,5753.582252227581,10714.880471097982,4337.988207110717
2014-01-01,554539.8703295612,34577.980474705844,22321.78136643459,8221.92385230036,2361.0464191496594,0.08366447063781822,382.0546418581819,1291.090530492416,1411.7160686462105,22356.03400640624,17990.090624150256,4365.943382255989,116202.17665917802,28629.446302058455,900.2058752616871,2931.209485096639,4986.856087531614,2123.1289270573307,1661.2805991567218,3954.2596169833987,4245.383198127926,3827.5435001214883,17210.367121498035,5623.020404452583,5203.078524284913,9439.955151604452,4386.114865273356,5210.793732537124,405.0816808590825,1678.3475055998388,1989.4881680702595,841.8821130583618,6281.944368184093,354.2907221657351,3185.3537814009246,142.54913749850303,990.595791295496,11829.626674882322,8221.322286117902,2038.9389728047033,1569.3654159597183,22386.9704111195,88486.00499848135,10882.036399731058,2782.1841038025955,8099.8522959284655,51836.00906083405,24589.731810968882,27246.27724986517,27549.55784287249,18556.57532680849,6431.929213294571,2561.0533027694305,68254.78200853398,32864.16640638779,35390.615602146194,30652.18001038917,24387.66620565861,18462.506065832706,5925.160139825907,21363.66328699657,6494.632813027898,14869.030473968676,18179.12163972373,1854.980179491334,5773.124362275812,10551.017097956586,4184.344581401804
2014-04-01,642098.1851782749,98120.79179650186,84711.31930475238,4451.848294307499,6678.958313623959,131.8561457271714,826.9738576798567,1319.8358804109992,2594.8486345731963,22767.47509843917,18315.150675281773,4452.324423157395,126338.83495226402,31595.796535403664,703.9660123801345,4368.14949244596,5464.242044741926,2427.3274695812684,1762.5853686338028,3938.159394799307,4413.3564652878,4064.464003561538,17508.062084996498,5665.049854539228,5327.438040932518,10256.48404054133,4842.299506929109,6793.750269391075,477.0350154858963,2002.2551893754219,2353.280775353137,1014.0244190817142,6119.63092890352,311.696844520721,3495.1249177056916,157.75905812739157,1276.897219545348,11910.364420872818,8224.040027657733,2167.0078876925986,1519.31650552249,22011.102723016633,92097.08185440782,10093.521557085955,1695.0624289964685,8398.459128089486,56763.3079818579,29013.719739278153,27749.588242579757,26720.1785031392,17880.28078602322,6308.287978202579,2531.609738913396,71382.34464973237,33077.73594912713,38304.60870060528,30830.82094018797,25013.132368572882,18729.835453071264,6283.296915501623,23262.671139221668,6550.53786487162,16712.133274350053,17980.06148969477,1830.0134246897192,5808.793814697598,10341.254250307455,4211.647068706529
2014-07-01,576456.6659876087,32108.529801158274,13422.433298208825,15094.32051624582,1202.2741428277527,165.99242675662148,629.8781889154557,1593.6312282038023,2636.8474333156814,22905.35521928779,18406.497139899424,4498.858079388374,126678.10097326676,31369.352888828642,546.7679162969165,3438.176109880152,5150.216892301299,2572.239252572679,1995.7609788829182,4308.966259820117,4577.638931697095,4160.724769101615,17506.68225303358,5720.636522902788,5776.691942060741,9350.992559026312,5182.980087664031,7969.487528489492,542.5909520587737,1896.6987652013383,2139.8729735537286,1010.8442766290879,5670.697798801506,384.29926135046264,3885.0306407899766,159.77165293414185,1360.979759389348,12015.999414131387,8194.96881053114,2321.191110211636,1499.8394933886116,22046.805709776247,93038.39775946575,11030.750456933518,2317.1591057277005,8713.591351205814,54176.41062068173,26041.28294674735,28135.127673934385,26714.474589630463,17607.135730588816,6474.40225347071,2632.9366055709315,71610.20864551375,33209.67178357481,38400.53686193893,31204.708736193305,25414.42514637099,19067.570160284613,6346.85498608638,21850.012794045113,6602.7178931185435,15247.294900926565,18677.05428705397,1872.1927130854078,5834.838204263703,10970.023369704857,4348.5844007839705
2014-10-01,575374.6328358768,31532.74344684308,14096.649475923874,11635.78712231122,3733.780540883829,0.1702304778814712,192.61093027221236,1873.7451469740483,2094.1835012722154,22991.34352278002,18407.597404761036,4583.746118018986,128014.95758008599,31354.20596754928,510.54425545373766,2906.1934637558506,4906.8246150635305,2675.4366510494388,1811.5195534945872,4162.349647406465,4402.241102163797,4134.491434447091,18720.434214933546,5925.570149212501,5887.088309699768,9870.229471035254,5471.864525600965,8840.805752455435,576.4804048237313,2198.3490528266216,1318.310766189654,896.6602044334909,5308.631716141964,439.62547761032204,4246.917309740883,161.6597346396094,1288.523800358483,12039.116409437278,8247.609646263158,2220.3399025926756,1571.1668605814411,21135.36912701761,92797.12334537588,11361.895114821695,2304.880260157965,9057.01485466373,53896.24833424766,25272.376450913674,28623.87188333398,26369.973600889287,17292.416788519295,6555.519504768046,2522.037307601953,72609.55350431347,33364.299806063274,39245.2536982502,31530.339767557132,25724.43866223468,19337.857284463127,6386.581377771555,20813.443638579774,6717.9047048274,14095.53893375237,18173.930227539568,1981.6472806904928,5904.244901764182,10288.038045084897,4289.973052881792
2015-01-01,558293.3861298406,36007.89071605031,23560.707163695923,8232.255340752612,2467.180180122726,0.08415019263426428,374.3101890079796,1373.3536922784256,1313.8085887456061,22766.04510495615,17996.795122474614,4769.249982481534,113313.48189470047,29315.24852260527,860.6169368517296,3161.9987459357026,4139.935890965475,2027.039680123646,1574.4773235349473,3803.681114896898,4101.263928180516,4175.757689362537,16900.073114527568,5548.032877140181,5332.8478674213975,8537.54458190164,4308.290226185512,5592.838627283048,472.73775677482644,1623.4209540442307,1180.9647196017113,906.9783262953512,4815.412994916339,379.6192166508091,3451.4956390568836,138.78272770685416,964.4224327373586,12698.639625846326,8906.641047787867,2174.733602789377,1617.2649752690852,22177.876504632986,89156.90293887624,11170.104226462685,2904.290011629463,8265.81421483322,53160.32624403298,24923.059458877982,28237.266785155,26411.854957044794,17227.214771233386,6677.1375428150905,2507.502642996316,69141.22706026405,33382.20885380607,35759.01820645797,31690.396832929076,25024.621590673563,18875.450003593844,6149.171587079722,21918.561143302082,6719.01421416682,15199.54692913526,18005.483676412045,1893.4067488093528,6011.79303421193,10100.283893390764,4336.165024911439
2015-04-01,669072.1531473275,110971.39774864804,96602.6306165449,4749.1521597432275,7271.002295544941,137.73295540270607,808.7429681129465,1402.1367532993027,2407.1275914296875,23428.52749521022,18640.578204280777,4787.9492909294495,128678.4227467227,33164.17119284588,676.9408776788821,3650.226100300932,6573.9191320441105,2326.332615230642,1690.9521651929203,3743.897497693833,4608.996997342122,4219.923616796106,17909.324155878738,6215.252380677944,5751.461670849751,8653.600552516602,5224.202104222578,7009.685721849505,598.4199954055651,2265.529685807255,1827.81823199849,1150.455713129524,5404.394842056803,301.9299562849627,4253.831871366893,160.2331579704368,1296.9225115822148,12210.28540062213,8518.500997455225,2129.5409484552233,1562.2434547116795,22905.616398079856,96388.57707116425,10113.550963754567,1674.4320044299632,8439.118959324605,58020.4433836028,29530.570842451543,28489.87254115123,26840.217031906323,17884.55758770243,6371.251598295783,2584.407845908101,72772.77968377336,33523.13372212421,39249.64596164917,31935.096452337802,25949.37853364662,19411.510565983728,6537.8679676628935,23947.70120071024,6836.571890945297,17111.129309764943,18232.851493131697,1960.7490014566158,6003.693373566656,10268.409118108424,4270.179952587158
2015-07-01,597180.1732959666,32470.78044064063,14357.134097115104,14430.531093037285,1206.9332151879203,168.56422170976782,614.5621132363638,1693.0557003541933,2972.491939370308,23467.128670556245,18747.268291888842,4719.860378667407,130450.0997149625,33644.70532394192,503.4799325199937,3352.163566409789,5697.830273681896,2499.869138635248,2108.269417663123,4145.108660831811,4670.037454461716,4320.311579935677,17692.2996539392,6312.369802754733,5914.037183197119,8212.147505363397,5424.379022580984,7414.184777344456,693.722067084366,1975.166121698182,2388.6147629855554,1058.2940728113588,6020.528431047536,552.1462943904392,4279.160192852287,165.07965645260526,1406.1948223791137,12688.675589541115,8725.462262740686,2399.994053079178,1563.2192737212538,23443.21665140228,98179.77020900254,11153.557595229391,2360.7942938411225,8792.76330138827,56745.090325524536,27488.737171526045,29256.3531539985,27506.292367433834,18123.186122396517,6618.748435092231,2764.357809945081,73375.89427234315,33691.04072176032,39684.85355058283,32451.130330184755,26415.74149513098,19838.533125842307,6577.208369288671,22534.12671040645,6894.957425328952,15639.169285077494,19056.910313321292,1975.6586615781384,5966.641217551891,11114.610434191258,4269.266670916522
2015-10-01,587215.2144387966,32137.052185286077,15001.226969233572,11151.289875535853,3807.2571906457683,0.17087584129243805,187.96647526083868,1989.140798768771,2263.9691415306825,22858.197781933224,18306.06901745108,4552.12876448215,128600.54227405755,31614.977857488437,457.52608017787907,3281.9375136076055,5012.99331849726,2463.0983624823775,1821.9321796510699,3972.6984612376773,2504.3854891655005,4278.32030230524,18509.154179766134,6465.229889874768,5941.106910239399,8860.893987700701,5873.283443923898,9419.345136674356,627.8830198034467,2324.3991527997064,2910.3736170623692,1129.2533381860771,4778.7181976188685,506.34066520615295,4401.41443231876,161.112747697699,1284.163990572156,12312.02673455058,8437.096645958898,2287.2339591418854,1587.6961294497933,21687.914848925488,95673.54921850376,11530.640609506283,2197.685102782741,9332.955506723541,55317.93350679173,25778.637586844394,29539.29591994734,27959.71687028136,18307.22657641282,6831.940439517843,2820.5498543507024,73703.19053004976,33800.10053432482,39903.08999572494,32803.75378539254,26691.105407441104,20126.38805706774,6564.717350373362,21440.23646079678,7006.687943159547,14433.548517637235,18009.19382788118,2040.4871077703028,6009.840859372144,9958.865860738735,4226.191255868589
2016-01-01,558905.4447948392,35389.88936967365,22927.2255039735,8226.928904794859,2380.1199665902573,0.06537101947102732,367.5305318847775,1488.0191082209028,1413.4435240776684,21932.478879388727,17511.123870872783,4421.3550085159395,109845.38411631073,28978.852161758365,772.5348282882608,2897.8955032598265,4540.985172253666,1865.0378590360715,1557.4085513996322,3866.311784493657,4342.30038742988,4130.192730821497,17392.898413203682,5433.645997294292,5205.262221089054,7570.101156692825,4137.8578481093855,5727.871935925568,334.99972390415184,1675.1421825686718,1271.4573246899774,703.8609052197012,3233.869278682143,287.0725063793751,2855.4910222558215,133.8928308790623,930.4417906760856,12800.682299058772,8982.923926023768,2172.823320363566,1644.9350526714356,20929.326913005007,88618.11082017036,11327.729503917511,2790.822985738609,8536.906518178901,56318.484134241764,27040.394772829768,29278.08936141201,26611.53054543214,16788.15273118611,7188.873908798938,2634.5039052335637,69764.1050569949,33924.71742485378,35839.38763214109,32833.32662214608,26041.944884463883,19704.047561464045,6337.897323044752,22567.255010708872,6882.91825033024,15684.33676035301,18212.625381873135,2009.61611345442,6058.66238492783,10144.34688349089,4299.1277333762355
2016-04-01,642653.4738400988,100988.65369607323,87842.32207173663,3739.703249375238,7010.457980726856,100.95335284151915,790.7012681648627,1504.5158032623913,2027.128733933948,22001.608514606905,17620.546701117903,4381.061813488992,118643.43948710214,31395.137491533875,514.8542096475696,3678.6285701265824,4833.174029956962,2248.1656271823736,1507.8280252454397,3597.6864786898796,4421.932079468578,4025.4795689646803,17038.842808534995,5269.969411798574,5266.079109630507,8333.352631777314,4937.971036512071,7199.853246508165,375.56547179954197,1726.291848553541,1806.8266012961756,871.0848181844935,4610.602472082589,253.9677496887499,3390.6319574469744,147.29695783542323,1192.2172846370697,12698.49075858285,8625.211435595987,2528.5281895802727,1544.7511334065816,19317.511008767087,92557.39954773415,10353.945356549712,1596.8896831648083,8757.055673384906,59160.68174896814,29421.50222729683,29739.179521671296,25738.199335508267,16493.515663964583,6673.630994450391,2571.052676978601,72519.883531735,34094.19400770715,38425.68952402785,32977.08900294815,26507.82392605175,19831.77111386882,6676.052812183791,24568.074154995214,6913.266247813318,17654.80790714756,18380.998372891554,2018.7506158139047,6036.205099642983,10326.04265743467,4212.546663650696
2016-07-01,578252.9401611381,32062.827410594986,14422.741740843223,13863.750611062902,1257.0995796243121,126.73237739387419,598.8289570089142,1793.6741466831854,3331.2505836988325,22135.70415950637,17784.271170181473,4351.432989324902,121051.71832260957,32254.822116055162,436.3713491234325,2875.7024442907787,5076.635620782578,2252.5173944844323,1819.288603426188,3721.150396107913,3911.804234724698,4162.154436964192,17171.020595500206,5366.183150383673,5558.245090661459,7398.094474207484,4971.8603553874145,7748.377395304161,520.5035367937801,1645.7995824704105,2266.5592412188967,1005.677915668312,4941.445109425101,399.41492412057653,4094.9284440295387,152.67063288354296,1300.4912785956583,12771.343901483626,8684.865059745509,2548.487331391384,1537.9915103467347,20383.916385408218,92733.80723472286,11311.307029609148,2320.462130364268,8990.84489924488,57794.20127199226,27151.969323615762,30642.23194837652,26066.1733522881,16484.04483229968,6912.014505138316,2670.1140148039776,72612.46557314735,34182.289804788874,38430.17576835848,33041.90413677525,26925.23585263474,20237.620362355956,6687.61549028109,23058.488981225528,6941.163174147645,16117.325807061872,18749.644551472185,1987.2709627557795,6062.451504919268,10699.922083797135,4222.951413969207
2016-10-01,578680.3631513075,32754.96251873117,15850.677998367355,10619.846081412263,3980.6143499108016,0.13280398048319858,181.7967498585709,2121.8945384505287,2173.4025018907864,21380.83356195607,16949.45459049943,4431.378971456645,123437.91176934306,31860.204448848497,404.22566235522714,2438.8056077120445,4444.095042864429,2158.801677862512,1669.1981652681118,3743.887869653853,2249.8579537110345,4266.951983541476,18554.96622139038,5613.978871956239,5456.021527717379,8024.068087092328,5552.0503414256955,9269.835643760165,564.9173039832574,2216.277777162827,2450.569024742021,811.8899652167014,5221.730496281933,488.66197715205857,4592.522270502155,154.32580558805944,1230.0680435546672,12133.24634938498,8294.061971800706,2229.421954913042,1609.762422671226,19484.68631815725,93147.15923626567,11814.564465195717,2322.4124045633152,9492.1520606324,57561.71629739638,26498.031802628884,31063.684494767513,26862.391306810532,17176.69094765851,7033.963155194262,2651.7372039272286,73759.12852048241,34283.36900111884,39475.75951936354,33136.13295641326,27180.786655297157,20508.369022228668,6672.417633071099,21889.321919853202,7015.504623387062,14873.817296437874,17723.09502665502,2075.436259326644,6098.253460636855,9549.405306691522,4241.023747474758
2017-01-01,560691.0447261692,36245.28771871357,23593.68794440964,8118.382265908601,2612.482981669147,0.057678294698209884,360.80383988464035,1559.873025845596,1858.040020607589,20808.383994278738,16365.402624244593,4442.98137003414,107737.83352927509,28844.11138492761,767.3989330251163,2463.951834401591,4083.7237073211904,1672.0584426856963,1506.488178269515,3648.668604391903,4113.396422863204,4008.5294945968244,17218.905284482327,5247.002129674572,5092.895710351679,7950.38546006334,3978.968364556303,5645.646778524882,276.67002987370887,1661.0401499252569,1117.6549139767776,722.0028584648928,3467.821813569321,328.69687875042325,2876.036804196061,131.55858586374936,914.2207645190828,12834.153533033563,9056.249238199895,2135.917065711412,1641.987229122258,21308.595232868596,87032.26194336929,11413.177996458402,2820.9443557567292,8592.233640701666,57716.6458675798,27325.871003707452,30390.77486387234,27307.16038349491,17533.881450755358,7134.924400070905,2638.3545325667915,71068.20382623716,34399.07519776523,36669.128628471924,33172.161599656814,26182.578375327586,19730.99252519981,6451.585850114675,23177.31583746114,7021.089477699752,16156.226359699951,18599.08210517114,2075.3183120846447,6182.153659123106,10341.610133963393,4230.162762635692
2017-04-01,655687.165317113,102972.88039586767,88994.50814381975,3888.050854133998,7658.520608228688,85.85449587694401,771.9799237202693,1573.966400516205,2436.758440172878,20576.130565523472,16128.570798672394,4447.559766851076,121715.8559875562,31519.215477824153,568.5468174420159,3266.710382940902,4130.857200556904,1815.726009373097,1586.436494869587,3445.055679693908,4381.368069882358,4098.404150771217,17734.946526708158,5428.842585298927,5604.905656296794,9403.637878682968,5164.4490066864255,8407.212364169065,296.7138549021898,1824.3943990498772,1844.938184304193,911.9990078554919,5062.846019747412,321.2676953379604,3522.4151799173824,151.19548613670293,1223.7718591084958,12409.473535019759,8374.233999121949,2453.4767965243973,1581.7627393734126,21442.413266337742,93969.10332282333,10713.031384916354,1782.5510787338937,8930.480306182464,61027.369357090945,30687.602489930712,30339.76686716023,26823.23627900617,17346.82546083052,6735.853425952261,2740.5573921196456,74031.12231796552,34586.45828785941,39444.66403010614,33301.50686974243,26835.79939762036,20026.811616734525,6808.987780869498,25100.231562165853,7034.773013116624,18065.4585490045,18275.112760689422,2060.9020920420735,6129.867320918825,10084.343347728525,4057.139874614725
2017-07-01,597812.3453137977,32901.16103536284,14535.14400958271,14410.47653694964,1394.7975946350125,109.22958432041219,582.609761167556,1868.9035507446813,3774.9479410911836,21380.8045776021,16902.892342098563,4477.912235503542,126944.30917676707,32437.553416694318,450.1765957983078,2797.1237348838426,4478.404734078614,2051.8161319386827,2025.3260117850873,3980.312369480983,4179.234143238363,4190.338842692672,16743.8003760973,5656.7422241166205,6035.519801426805,9724.118653445375,5575.331476648707,9244.355494184374,414.7809694123967,1663.4732689221441,2218.379369534011,1049.5550801183936,5518.6767237115755,482.175548654066,4503.510560465204,160.07131179675858,1363.5323376424572,12584.065148798425,8560.69469539561,2445.791015538697,1577.579437864118,23112.26658874978,95749.7507486078,11721.692196891976,2441.5008562123544,9280.191340679625,59065.6714998033,28670.487402118866,30395.18409768446,27776.588994925773,17839.47254360458,7019.714590082988,2917.4018612019186,75176.63454885564,34718.54208233473,40458.0924665209,33256.4106529742,27397.870179293037,20544.037212708346,6853.832966580198,23519.96139497035,7013.863249559281,16506.098145385455,19219.059194927315,2014.0781765940033,6160.436615951263,11044.544402382046,4231.15143417682
2017-10-01,601200.0103685546,34196.68676237245,16763.210507925378,10963.78472223128,4085.458860225156,0.11705284668916797,175.80868070610416,2208.3069418736745,2154.815719293726,21688.282826583483,17169.72406087988,4518.558765703614,128733.2788632956,31044.968156415718,390.5813024399543,2692.0641358796506,4194.802523751719,2050.410966007082,1869.0796257111863,3899.8089932718703,2382.1170678185003,4255.515941004506,19037.911177398153,5736.854134663052,6175.86262939599,9069.14707082613,6491.89713894142,10665.913996519208,458.1076318135994,2086.041160574663,2786.3309812664847,859.8785276230227,5506.082456761655,570.9722750819561,5066.7849424007645,160.76375060663557,1281.3822771226473,12064.699782929087,8257.44413257689,2154.2105403051555,1653.045110047035,22629.43411897264,97958.2543948322,12227.860448854153,2398.531624734116,9829.328824120035,58231.296406776164,28067.42725628163,30163.869150494567,28746.174504833136,18540.281263146106,7173.132394285259,3032.760847365466,77044.09533849171,34852.093511944135,42192.00182654756,33451.077132711434,27515.07157207634,20666.480549059306,6848.591023000377,22347.034592539403,7102.462947301364,15244.571645196935,17995.88049256082,2107.557625418287,6178.061197472943,9710.261669669591,4216.067411432285
2018-01-01,581338.2890885092,37061.79036865445,23971.181569159035,8527.071480978138,2586.594854758386,0.033565356258690345,363.1495491108389,1613.7593668673178,2123.0520619918207,21072.57609976418,16535.41588858667,4537.160211177507,111229.09133025658,28775.15817786678,703.1870758779023,2423.048355243494,3793.2721435448884,1605.4874021200742,1587.7310764165163,3806.1909515879875,4199.457214936988,4144.704881397872,16927.210381390432,5084.407710279276,5661.079291339033,9814.288250685846,4276.039884030648,6030.6526056121675,250.72814191412786,1523.823330855453,1508.1778706128407,733.9557123299176,3973.6904946478235,360.29866192488635,2964.6907977932033,136.09134132548428,945.7195765228621,12868.772828573263,9043.939573252643,2095.283269927121,1729.549985393503,23611.945070747402,93037.05259420365,11868.381203851031,2967.2764638330227,8901.104740018001,58312.95582970965,29035.20258655607,29277.753243153584,28889.82837383669,18770.284882644097,7255.12368905772,2864.419802073161,74460.789914945,34966.12136120505,39494.668553739924,33383.85135173943,26594.31132327551,19965.964257629104,6628.34706557788,23648.928813400824,7172.700617166589,16476.228196177963,18673.16523194079,2078.1622085942677,6284.125135393815,10310.877887952709,4501.796691618951
2018-04-01,627115.1651555862,70950.68487938018,58537.530391664004,3981.413413078775,5966.473278367645,88.71542914041255,777.0511954837064,1599.5011916602532,2112.8453825892475,21530.68657035767,17101.427418584335,4429.259151773331,119629.2946754425,31492.624719995783,515.5739339804883,3290.407967516624,4068.9733236097322,1871.2356701351662,1643.2016874822964,3556.0702461372225,4396.712521732238,3820.202695925046,16425.85947727277,5153.182205971188,5783.578075991673,9552.499914673126,5441.464633181515,7262.812290160198,276.4159598180635,1633.1471436728868,2135.188743245019,913.9358445742389,5421.419585072239,270.68839995276073,3351.3197218108667,148.7556903585,1204.0242231728782,12679.667054528054,8518.835383079402,2528.6961769379172,1632.1354945107275,22587.32434010795,92990.77047509942,10683.93475935367,1759.2897605700214,8924.644998783653,58606.09750096941,29208.682707219803,29397.41479374959,29176.31949660974,19212.604069639372,6996.027898012419,2967.6875289001723,77572.28189078548,35097.27585729986,42475.00603348564,33225.40602056986,27299.889857229053,20332.381808983566,6967.508048214927,25600.693839745578,7154.935542701014,18445.75829699206,18322.111789268405,2059.2002878295766,6262.827686775007,10000.083814663814,4147.156623549925
2018-07-01,578348.753538089,31600.832028067998,12680.939172790553,15133.70219442841,1261.3295394452348,108.90253594804265,586.4293732227072,1829.5292140103354,4085.8915751114378,21356.899690080376,17298.56592567139,4058.333764408985,117405.04453796598,31229.539428907046,402.21468524363854,2422.4480286107582,4096.115939114873,1947.9303980729649,1969.0123243697074,3776.7591891458733,3692.237393362843,3842.6416475010215,15396.829857014383,4806.791717163722,5927.233094478286,9722.587902709274,5282.755289610503,7069.493664008218,380.2357251895713,1522.7650234613138,1868.3993271330219,1046.1376138071512,5616.810268524195,282.6640858689429,3693.3812320646443,148.14237709522638,1261.9183255088112,12699.673988355502,8825.854882459102,2245.3737847816733,1628.4453211147268,22874.727441488118,86943.56688331188,11420.170861063738,2370.4713390674674,9049.699521996276,56922.325754133395,27520.111078953254,29402.21467518015,29348.268545448725,19072.472588594424,7310.366074348401,2965.4298824884377,75806.86769432381,35210.81924267398,40596.04845164983,33029.10648706332,27679.649787263268,20637.742543361255,7041.907243880988,23835.70380380928,7143.523641187839,16692.180162600467,19007.24783593855,2049.727597959197,6252.808139093281,10704.71209888607,4332.776624663487
2018-10-01,566844.6350159211,35228.01894015339,17444.383984155855,11152.08851347185,4173.390615950885,0.068141308696151,157.37336234875076,2300.7143264928004,2457.2233251961766,21191.674709781055,17369.37228216949,3822.3024276115607,112616.6881697862,29190.845478099232,382.1796332043707,1904.8399951611875,3591.679602554939,2007.836170454332,1680.2591344017703,3656.321035437734,2039.6363365595917,4005.5812542920444,17489.225367904775,4755.735900578291,5545.015092858495,8635.092971909407,5796.831181584151,6923.255507393507,410.39259443877273,1945.343646736429,1998.404815600641,829.7610979769917,4901.426248724948,320.2322695360314,3339.5545385429473,141.26584786400446,1125.9724479715392,11740.436905252862,7755.186883579804,2294.360470165232,1690.889551507824,20687.67923366146,85761.73784847718,11906.501469877532,2396.8508059459673,9509.650663931563,55669.40240705618,26448.487568778575,29220.914838277604,27703.077767037423,17457.88275094664,7493.684833789448,2751.5101822461206,76050.27118405234,35373.30259899453,40676.96858505776,33184.062074981564,27836.12029497148,20785.980175894005,7050.140119035697,22536.43631160763,7206.185776307753,15330.250535267347,17875.94167716733,2209.505225021245,6282.148519599287,9384.287932546798,4399.362696861364
2019-01-01,551228.413852105,40089.05228611732,26987.13074837206,8287.692651475767,2985.821780102163,0.024623054801590116,342.21266254086987,1486.1698403584674,2251.188735466247,20884.52752670032,17072.296813711644,3812.23071298868,99092.87754550151,27440.202710511498,715.764534072017,1964.036778320401,3319.9474474825042,1518.6460057746733,1502.630590343342,3568.7509038914277,3918.3370161855905,3873.8264236914542,16017.722837710302,4468.214126804058,5004.334967682373,7871.272119201326,4067.6249194772045,4069.337160203936,223.11626825072523,1333.988820922222,729.1475621278776,726.5217219997337,3168.3282680542156,176.34942385358107,2454.520326717056,120.7998627284514,839.4567494954804,12207.11802659687,8310.262505253566,2164.389517681294,1732.4660036620078,22140.705993868505,81216.42469624261,11533.620374460994,2932.9831917017527,8600.637182759236,55773.69145010422,27391.17554704462,28382.5159030596,26181.333568119266,16227.93011114504,7440.564796476786,2512.8386602215996,72972.67037118271,35517.07955759376,37455.590813588904,33191.77498120957,26881.3203115572,20097.967302019668,6783.353009407068,23709.90559594639,7259.282370718899,16450.623225221003,18288.987272024784,2177.1019677288914,6292.797802254794,9819.087502041106,4813.21511700642
2019-04-01,636133.5417816727,103620.42681312795,89305.57119173315,3992.965495815985,7929.055742000769,70.82287708337076,816.48069580654,1505.5308412227148,2077.4919191332765,21757.886380052158,17980.93750873677,3776.9488713153883,111614.34647217915,31655.870476995056,451.30214730600574,2679.309640646745,3434.6932553285237,1715.0859763215738,1601.3684001101017,3432.6364507864623,4252.607022029642,3798.346718743708,15744.085048602672,4599.882752839639,5400.029421948044,9441.084234576347,5093.426284414082,6153.352091331198,242.62740564956383,1478.649799425359,1446.4794532180524,879.0094067386253,4130.393512420834,155.62547783475387,2566.654561205234,138.75423101643065,1123.0727026904735,11836.800541618222,7828.831909479505,2365.89474830682,1642.0738838318953,21317.84449917894,84365.52178460818,10456.111176523886,1864.6915330981358,8591.419643425757,59145.29970152709,30380.140787378747,28765.15891414832,25234.713268461608,15554.324686990316,7105.900398960863,2574.488182295044,75843.45487380598,35732.94733107546,40110.507542730564,33205.034198092064,27514.208215677692,20392.748800576675,7121.459415036285,25626.103236222025,7218.573063503338,18407.530172685467,18011.262217568157,2156.6831683736414,6255.904451320403,9598.674597874111,4507.036483896292
